{"马陆": {"LINE_NO": "11", "TRANSFER_TAG": "普通站", "SERIAL_NO": "9", "ST_NAME_EN": "Malu", "ST_NO": "1135", "ST_HORIZONTAL": "高架", "Y": "226", "X": "200", "LNG": "121.276874", "LAT": "31.319586", "ST_NAME": "马陆"}, "共康路": {"LINE_NO": "1", "TRANSFER_TAG": "普通站", "SERIAL_NO": "7", "ST_NAME_EN": "GongkangRoad", "ST_NO": "0132", "ST_HORIZONTAL": "高架", "Y": "287", "X": "519", "LNG": "121.447024", "LAT": "31.319002", "ST_NAME": "共康路"}, "淞虹路": {"LINE_NO": "2", "TRANSFER_TAG": "普通站", "SERIAL_NO": "4", "ST_NAME_EN": "SonghongRoad", "ST_NO": "0237", "ST_HORIZONTAL": "地下", "Y": "476", "X": "214", "LNG": "121.359583", "LAT": "31.218207", "ST_NAME": "淞虹路"}, "刘行": {"LINE_NO": "7", "TRANSFER_TAG": "普通站", "SERIAL_NO": "4", "ST_NAME_EN": "Liuhang", "ST_NO": "0724", "ST_HORIZONTAL": "地下", "Y": "146", "X": "394", "LNG": "121.36249", "LAT": "31.357454", "ST_NAME": "刘行"}, "江浦路": {"LINE_NO": "8", "TRANSFER_TAG": "普通站", "SERIAL_NO": "24", "ST_NAME_EN": "JiangpuRoad", "ST_NO": "0843", "ST_HORIZONTAL": "地下", "Y": "389", "X": "804", "LNG": "121.518402", "LAT": "31.274889", "ST_NAME": "江浦路"}, "海天三路": {"LINE_NO": "2", "TRANSFER_TAG": "普通站", "SERIAL_NO": "29", "ST_NAME_EN": "HaitiansanRoad", "ST_NO": "0262", "ST_HORIZONTAL": "地面", "Y": "846", "X": "917", "LNG": "121.796847", "LAT": "31.168483", "ST_NAME": "海天三路"}, "华夏中路": {"LINE_NO": "16", "TRANSFER_TAG": "普通站", "SERIAL_NO": "2", "ST_NAME_EN": "MiddleHuaxiaRoad", "ST_NO": "1622", "ST_HORIZONTAL": "高架", "Y": "810", "X": "786", "LNG": "121.583032", "LAT": "31.175725", "ST_NAME": "华夏中路"}, "中潭路": {"LINE_NO": "4", "TRANSFER_TAG": "换乘站", "SERIAL_NO": "9", "ST_NAME_EN": "ZhongtanRoad", "ST_NO": "0409", "ST_HORIZONTAL": "高架", "Y": "433", "X": "470", "LNG": "121.441025", "LAT": "31.254567", "ST_NAME": "中潭路"}, "嘉定新城": {"LINE_NO": "11", "TRANSFER_TAG": "普通站", "SERIAL_NO": "8", "ST_NAME_EN": "JiadingXincheng", "ST_NO": "1134", "ST_HORIZONTAL": "高架", "Y": "208", "X": "212", "LNG": "121.254258", "LAT": "31.329997", "ST_NAME": "嘉定新城"}, "丰庄": {"LINE_NO": "13", "TRANSFER_TAG": "普通站", "SERIAL_NO": "3", "ST_NAME_EN": "Fengzhuang", "ST_NO": "1323", "ST_HORIZONTAL": "地下", "Y": "380", "X": "272", "LNG": "121.355152", "LAT": "31.242491", "ST_NAME": "丰庄"}, "金海路": {"LINE_NO": "12", "TRANSFER_TAG": "普通站", "SERIAL_NO": "16", "ST_NAME_EN": "JinhaiRoad", "ST_NO": "1251", "ST_HORIZONTAL": "地下", "Y": "505", "X": "1023", "LNG": "121.638758", "LAT": "31.263183", "ST_NAME": "金海路"}, "龙柏新村": {"LINE_NO": "10", "TRANSFER_TAG": "普通站", "SERIAL_NO": "3", "ST_NAME_EN": "LongBaiXincun", "ST_NO": "1020", "ST_HORIZONTAL": "地下", "Y": "598", "X": "206", "LNG": "121.370644", "LAT": "31.176671", "ST_NAME": "龙柏新村"}, "桃浦新村": {"LINE_NO": "11", "TRANSFER_TAG": "普通站", "SERIAL_NO": "11", "ST_NAME_EN": "TaopuXincun", "ST_NO": "1138", "ST_HORIZONTAL": "地下", "Y": "274", "X": "229", "LNG": "121.349658", "LAT": "31.281633", "ST_NAME": "桃浦新村"}, "铁力路": {"LINE_NO": "3", "TRANSFER_TAG": "普通站", "SERIAL_NO": "2", "ST_NAME_EN": "TieliRoad", "ST_NO": "0338", "ST_HORIZONTAL": "地下", "Y": "52", "X": "633", "LNG": "121.46111", "LAT": "31.407927", "ST_NAME": "铁力路"}, "场中路": {"LINE_NO": "7", "TRANSFER_TAG": "普通站", "SERIAL_NO": "10", "ST_NAME_EN": "ChangzhongRoad", "ST_NO": "0730", "ST_HORIZONTAL": "地下", "Y": "295", "X": "443", "LNG": "121.413645", "LAT": "31.303568", "ST_NAME": "场中路"}, "杨思": {"LINE_NO": "8", "TRANSFER_TAG": "普通站", "SERIAL_NO": "8", "ST_NAME_EN": "Yangsi", "ST_NO": "0827", "ST_HORIZONTAL": "地下", "Y": "801", "X": "468", "LNG": "121.493661", "LAT": "31.16089", "ST_NAME": "杨思"}, "西藏南路": {"LINE_NO": "4", "TRANSFER_TAG": "换乘站", "SERIAL_NO": "22", "ST_NAME_EN": "SouthXizangRoad", "ST_NO": "0422", "ST_HORIZONTAL": "地下", "Y": "678", "X": "529", "LNG": "121.489519", "LAT": "31.201906", "ST_NAME": "西藏南路"}, "昌平路": {"LINE_NO": "7", "TRANSFER_TAG": "普通站", "SERIAL_NO": "18", "ST_NAME_EN": "ChangpingRoad", "ST_NO": "0738", "ST_HORIZONTAL": "地下", "Y": "509", "X": "452", "LNG": "121.44257", "LAT": "31.233726", "ST_NAME": "昌平路"}, "江湾体育场": {"LINE_NO": "10", "TRANSFER_TAG": "普通站", "SERIAL_NO": "28", "ST_NAME_EN": "JiangwanStadium", "ST_NO": "1065", "ST_HORIZONTAL": "地下", "Y": "261", "X": "737", "LNG": "121.514153", "LAT": "31.302802", "ST_NAME": "江湾体育场"}, "金平路": {"LINE_NO": "5", "TRANSFER_TAG": "普通站", "SERIAL_NO": "8", "ST_NAME_EN": "JinpingRoad", "ST_NO": "0510", "ST_HORIZONTAL": "高架", "Y": "965", "X": "179", "LNG": "121.410083", "LAT": "31.011239", "ST_NAME": "金平路"}, "曲阜路": {"LINE_NO": "12", "TRANSFER_TAG": "换乘站", "SERIAL_NO": "1", "ST_NAME_EN": "QufuRoad", "ST_NO": "1236", "ST_HORIZONTAL": "地下", "Y": "497", "X": "596", "LNG": "121.471538", "LAT": "31.242271", "ST_NAME": "曲阜路"}, "国权路": {"LINE_NO": "10", "TRANSFER_TAG": "普通站", "SERIAL_NO": "26", "ST_NAME_EN": "GuoquanRoad", "ST_NO": "1063", "ST_HORIZONTAL": "地下", "Y": "326", "X": "738", "LNG": "121.510033", "LAT": "31.289253", "ST_NAME": "国权路"}, "嘉善路": {"LINE_NO": "9", "TRANSFER_TAG": "普通站", "SERIAL_NO": "19", "ST_NAME_EN": "JiashanRoad", "ST_NO": "0936", "ST_HORIZONTAL": "地下", "Y": "631", "X": "454", "LNG": "121.460788", "LAT": "31.202709", "ST_NAME": "嘉善路"}, "肇嘉浜路": {"LINE_NO": "7", "TRANSFER_TAG": "换乘站", "SERIAL_NO": "21", "ST_NAME_EN": "ZhaojiabangRoad", "ST_NO": "0741", "ST_HORIZONTAL": "地下", "Y": "654", "X": "456", "LNG": "121.450209", "LAT": "31.199153", "ST_NAME": "肇嘉浜路"}, "巨峰路": {"LINE_NO": "6", "TRANSFER_TAG": "换乘站", "SERIAL_NO": "21", "ST_NAME_EN": "JufengRoad", "ST_NO": "0641", "ST_HORIZONTAL": "高架", "Y": "501", "X": "889", "LNG": "121.588354", "LAT": "31.280721", "ST_NAME": "巨峰路"}, "中兴路": {"LINE_NO": "8", "TRANSFER_TAG": "普通站", "SERIAL_NO": "18", "ST_NAME_EN": "ZhongxingRoad", "ST_NO": "0837", "ST_HORIZONTAL": "地下", "Y": "419", "X": "551", "LNG": "121.469113", "LAT": "31.252948", "ST_NAME": "中兴路"}, "隆昌路": {"LINE_NO": "12", "TRANSFER_TAG": "普通站", "SERIAL_NO": "8", "ST_NAME_EN": "LongchangRoad", "ST_NO": "1243", "ST_HORIZONTAL": "地下", "Y": "501", "X": "767", "LNG": "121.544752", "LAT": "31.275141", "ST_NAME": "隆昌路"}, "东川路": {"LINE_NO": "5", "TRANSFER_TAG": "普通站", "SERIAL_NO": "7", "ST_NAME_EN": "DongchuanRoad", "ST_NO": "0509", "ST_HORIZONTAL": "高架", "Y": "981", "X": "217", "LNG": "121.419868", "LAT": "31.018154", "ST_NAME": "东川路"}, "上海图书馆": {"LINE_NO": "10", "TRANSFER_TAG": "普通站", "SERIAL_NO": "14", "ST_NAME_EN": "ShanghaiLibrary", "ST_NO": "1051", "ST_HORIZONTAL": "地下", "Y": "597", "X": "390", "LNG": "121.44463", "LAT": "31.207784", "ST_NAME": "上海图书馆"}, "虹口足球场": {"LINE_NO": "3", "TRANSFER_TAG": "换乘站", "SERIAL_NO": "14", "ST_NAME_EN": "HongkouFootballStadium", "ST_NO": "0326", "ST_HORIZONTAL": "高架", "Y": "372", "X": "571", "LNG": "121.479225", "LAT": "31.27135", "ST_NAME": "虹口足球场"}, "枫桥路": {"LINE_NO": "11", "TRANSFER_TAG": "普通站", "SERIAL_NO": "17", "ST_NAME_EN": "FengqiaoRoad", "ST_NO": "1144", "ST_HORIZONTAL": "地下", "Y": "410", "X": "350", "LNG": "121.411371", "LAT": "31.241757", "ST_NAME": "枫桥路"}, "东安路": {"LINE_NO": "7", "TRANSFER_TAG": "换乘站", "SERIAL_NO": "22", "ST_NAME_EN": "DongAnRoad", "ST_NO": "0742", "ST_HORIZONTAL": "地下", "Y": "673", "X": "446", "LNG": "121.45493", "LAT": "31.190857", "ST_NAME": "东安路"}, "大木桥路": {"LINE_NO": "4", "TRANSFER_TAG": "普通站", "SERIAL_NO": "24", "ST_NAME_EN": "DamuqiaoRoad", "ST_NO": "0424", "ST_HORIZONTAL": "地下", "Y": "677", "X": "479", "LNG": "121.463212", "LAT": "31.19405", "ST_NAME": "大木桥路"}, "武宁路": {"LINE_NO": "13", "TRANSFER_TAG": "普通站", "SERIAL_NO": "9", "ST_NAME_EN": "WuningRoad", "ST_NO": "1329", "ST_HORIZONTAL": "地下", "Y": "490", "X": "420", "LNG": "121.43064", "LAT": "31.234272", "ST_NAME": "武宁路"}, "后滩": {"LINE_NO": "7", "TRANSFER_TAG": "普通站", "SERIAL_NO": "24", "ST_NAME_EN": "Houtan", "ST_NO": "0744", "ST_HORIZONTAL": "地下", "Y": "744", "X": "473", "LNG": "121.473727", "LAT": "31.171838", "ST_NAME": "后滩"}, "紫藤路": {"LINE_NO": "10", "TRANSFER_TAG": "普通站", "SERIAL_NO": "2", "ST_NAME_EN": "ZitengRoad", "ST_NO": "1019", "ST_HORIZONTAL": "地下", "Y": "601", "X": "178", "LNG": "121.364378", "LAT": "31.169548", "ST_NAME": "紫藤路"}, "龙漕路": {"LINE_NO": "3", "TRANSFER_TAG": "普通站", "SERIAL_NO": "27", "ST_NAME_EN": "LongcaoRoad", "ST_NO": "0313", "ST_HORIZONTAL": "高架", "Y": "686", "X": "350", "LNG": "121.444415", "LAT": "31.169451", "ST_NAME": "龙漕路"}, "老西门": {"LINE_NO": "10", "TRANSFER_TAG": "换乘站", "SERIAL_NO": "17", "ST_NAME_EN": "Laoximen", "ST_NO": "1054", "ST_HORIZONTAL": "地下", "Y": "596", "X": "551", "LNG": "121.48394", "LAT": "31.218648", "ST_NAME": "老西门"}, "临平路": {"LINE_NO": "4", "TRANSFER_TAG": "普通站", "SERIAL_NO": "13", "ST_NAME_EN": "LinpingRoad", "ST_NO": "0413", "ST_HORIZONTAL": "地下", "Y": "464", "X": "682", "LNG": "121.500677", "LAT": "31.260913", "ST_NAME": "临平路"}, "金沙江路": {"LINE_NO": "13", "TRANSFER_TAG": "换乘站", "SERIAL_NO": "7", "ST_NAME_EN": "JinshajiangRoad", "ST_NO": "1327", "ST_HORIZONTAL": "地下", "Y": "455", "X": "343", "LNG": "121.411843", "LAT": "31.23108", "ST_NAME": "金沙江路"}, "宝安公路": {"LINE_NO": "1", "TRANSFER_TAG": "普通站", "SERIAL_NO": "3", "ST_NAME_EN": "BaoAnHighway", "ST_NO": "0136", "ST_HORIZONTAL": "高架", "Y": "166", "X": "507", "LNG": "121.430887", "LAT": "31.369582", "ST_NAME": "宝安公路"}, "中春路": {"LINE_NO": "9", "TRANSFER_TAG": "普通站", "SERIAL_NO": "10", "ST_NAME_EN": "ZhongchunRoad", "ST_NO": "0927", "ST_HORIZONTAL": "地下", "Y": "673", "X": "155", "LNG": "121.337749", "LAT": "31.149395", "ST_NAME": "中春路"}, "漕河泾开发区": {"LINE_NO": "9", "TRANSFER_TAG": "普通站", "SERIAL_NO": "14", "ST_NAME_EN": "CaohejingHi-TeachPark", "ST_NO": "0931", "ST_HORIZONTAL": "地下", "Y": "672", "X": "272", "LNG": "121.397788", "LAT": "31.170475", "ST_NAME": "漕河泾开发区"}, "莘庄": {"LINE_NO": "1", "TRANSFER_TAG": "换乘站", "SERIAL_NO": "1", "ST_NAME_EN": "Xinzhuang", "ST_NO": "0501", "ST_HORIZONTAL": "高架", "Y": "771", "X": "201", "LNG": "121.385364", "LAT": "31.111232", "ST_NAME": "莘庄"}, "花桥": {"LINE_NO": "11", "TRANSFER_TAG": "普通站", "SERIAL_NO": "14", "ST_NAME_EN": "Huaqiao", "ST_NO": "1114", "ST_HORIZONTAL": "高架", "Y": "260", "X": "35", "LNG": "121.104397", "LAT": "31.298723", "ST_NAME": "花桥"}, "共富新村": {"LINE_NO": "1", "TRANSFER_TAG": "普通站", "SERIAL_NO": "4", "ST_NAME_EN": "GongfuXincun", "ST_NO": "0135", "ST_HORIZONTAL": "高架", "Y": "195", "X": "506", "LNG": "121.433977", "LAT": "31.355217", "ST_NAME": "共富新村"}, "合川路": {"LINE_NO": "9", "TRANSFER_TAG": "普通站", "SERIAL_NO": "13", "ST_NAME_EN": "HechuanRoad", "ST_NO": "0930", "ST_HORIZONTAL": "地下", "Y": "672", "X": "246", "LNG": "121.384827", "LAT": "31.166435", "ST_NAME": "合川路"}, "鹤沙航城": {"LINE_NO": "16", "TRANSFER_TAG": "普通站", "SERIAL_NO": "5", "ST_NAME_EN": "Heshahangcheng", "ST_NO": "1625", "ST_HORIZONTAL": "高架", "Y": "935", "X": "809", "LNG": "121.611313", "LAT": "31.077786", "ST_NAME": "鹤沙航城"}, "上海儿童医学中心": {"LINE_NO": "6", "TRANSFER_TAG": "普通站", "SERIAL_NO": "9", "ST_NAME_EN": "ChildrenMedicalCenter", "ST_NO": "0629", "ST_HORIZONTAL": "地下", "Y": "719", "X": "635", "LNG": "121.523466", "LAT": "31.203228", "ST_NAME": "上海儿童医学中心"}, "松江新城": {"LINE_NO": "9", "TRANSFER_TAG": "普通站", "SERIAL_NO": "4", "ST_NAME_EN": "SongjiangXincheng", "ST_NO": "0921", "ST_HORIZONTAL": "地下", "Y": "783", "X": "90", "LNG": "121.230761", "LAT": "31.030286", "ST_NAME": "松江新城"}, "东陆路": {"LINE_NO": "12", "TRANSFER_TAG": "普通站", "SERIAL_NO": "11", "ST_NAME_EN": "DongluRoad", "ST_NO": "1246", "ST_HORIZONTAL": "地下", "Y": "501", "X": "853", "LNG": "121.579084", "LAT": "31.282532", "ST_NAME": "东陆路"}, "花木路": {"LINE_NO": "7", "TRANSFER_TAG": "普通站", "SERIAL_NO": "33", "ST_NAME_EN": "HuamuRoad", "ST_NO": "0753", "ST_HORIZONTAL": "地下", "Y": "718", "X": "784", "LNG": "121.562733", "LAT": "31.211193", "ST_NAME": "花木路"}, "桂林路": {"LINE_NO": "9", "TRANSFER_TAG": "普通站", "SERIAL_NO": "15", "ST_NAME_EN": "GuilinRoad", "ST_NO": "0932", "ST_HORIZONTAL": "地下", "Y": "671", "X": "302", "LNG": "121.418087", "LAT": "31.174697", "ST_NAME": "桂林路"}, "上海体育场": {"LINE_NO": "4", "TRANSFER_TAG": "普通站", "SERIAL_NO": "26", "ST_NAME_EN": "ShanghaiStadium", "ST_NO": "0426", "ST_HORIZONTAL": "地下", "Y": "669", "X": "414", "LNG": "121.443514", "LAT": "31.18557", "ST_NAME": "上海体育场"}, "东宝兴路": {"LINE_NO": "3", "TRANSFER_TAG": "普通站", "SERIAL_NO": "15", "ST_NAME_EN": "DongbaoxingRoad", "ST_NO": "0325", "ST_HORIZONTAL": "高架", "Y": "410", "X": "606", "LNG": "121.480207", "LAT": "31.259882", "ST_NAME": "东宝兴路"}, "鲁班路": {"LINE_NO": "4", "TRANSFER_TAG": "普通站", "SERIAL_NO": "23", "ST_NAME_EN": "LubanRoad", "ST_NO": "0423", "ST_HORIZONTAL": "地下", "Y": "676", "X": "522", "LNG": "121.475186", "LAT": "31.19919", "ST_NAME": "鲁班路"}, "云山路": {"LINE_NO": "6", "TRANSFER_TAG": "普通站", "SERIAL_NO": "17", "ST_NAME_EN": "YunshanRoad", "ST_NO": "0637", "ST_HORIZONTAL": "地下", "Y": "543", "X": "830", "LNG": "121.572732", "LAT": "31.250384", "ST_NAME": "云山路"}, "石龙路": {"LINE_NO": "3", "TRANSFER_TAG": "普通站", "SERIAL_NO": "28", "ST_NAME_EN": "ShilongRoad", "ST_NO": "0312", "ST_HORIZONTAL": "地面", "Y": "737", "X": "331", "LNG": "121.443171", "LAT": "31.157884", "ST_NAME": "石龙路"}, "交通大学": {"LINE_NO": "11", "TRANSFER_TAG": "换乘站", "SERIAL_NO": "21", "ST_NAME_EN": "JiaoTongUniversity", "ST_NO": "1148", "ST_HORIZONTAL": "地下", "Y": "577", "X": "379", "LNG": "121.435274", "LAT": "31.202195", "ST_NAME": "交通大学"}, "金桥路": {"LINE_NO": "6", "TRANSFER_TAG": "普通站", "SERIAL_NO": "18", "ST_NAME_EN": "JinqiaoRoad", "ST_NO": "0638", "ST_HORIZONTAL": "地下", "Y": "543", "X": "852", "LNG": "121.58183", "LAT": "31.257025", "ST_NAME": "金桥路"}, "白银路": {"LINE_NO": "11", "TRANSFER_TAG": "普通站", "SERIAL_NO": "7", "ST_NAME_EN": "BaiyinRoad", "ST_NO": "1133", "ST_HORIZONTAL": "高架", "Y": "179", "X": "210", "LNG": "121.245374", "LAT": "31.345319", "ST_NAME": "白银路"}, "外高桥保税区南站": {"LINE_NO": "6", "TRANSFER_TAG": "普通站", "SERIAL_NO": "25", "ST_NAME_EN": "SouthWaigaoqiaoFreeTradeZone", "ST_NO": "0645", "ST_HORIZONTAL": "高架", "Y": "353", "X": "911", "LNG": "121.601958", "LAT": "31.321607", "ST_NAME": "外高桥保税区南"}, "邮电新村": {"LINE_NO": "10", "TRANSFER_TAG": "普通站", "SERIAL_NO": "23", "ST_NAME_EN": "YoudianXincun", "ST_NO": "1060", "ST_HORIZONTAL": "地下", "Y": "411", "X": "712", "LNG": "121.494326", "LAT": "31.26842", "ST_NAME": "邮电新村"}, "虹桥火车站": {"LINE_NO": "2", "TRANSFER_TAG": "换乘站", "SERIAL_NO": "2", "ST_NAME_EN": "HongqiaoRailwayStation", "ST_NO": "0235", "ST_HORIZONTAL": "地下", "Y": "456", "X": "172", "LNG": "121.321538", "LAT": "31.193945", "ST_NAME": "虹桥火车站"}, "唐镇": {"LINE_NO": "2", "TRANSFER_TAG": "普通站", "SERIAL_NO": "23", "ST_NAME_EN": "Tangzhen", "ST_NO": "0256", "ST_HORIZONTAL": "地下", "Y": "780", "X": "838", "LNG": "121.656557", "LAT": "31.213344", "ST_NAME": "唐镇"}, "同济大学": {"LINE_NO": "10", "TRANSFER_TAG": "普通站", "SERIAL_NO": "25", "ST_NAME_EN": "TongjiUniversity", "ST_NO": "1062", "ST_HORIZONTAL": "地下", "Y": "359", "X": "718", "LNG": "121.506321", "LAT": "31.282101", "ST_NAME": "同济大学"}, "九亭": {"LINE_NO": "9", "TRANSFER_TAG": "普通站", "SERIAL_NO": "9", "ST_NAME_EN": "Jiuting", "ST_NO": "0926", "ST_HORIZONTAL": "地下", "Y": "673", "X": "126", "LNG": "121.319467", "LAT": "31.137091", "ST_NAME": "九亭"}, "天潼路": {"LINE_NO": "10", "TRANSFER_TAG": "换乘站", "SERIAL_NO": "20", "ST_NAME_EN": "TiantongRoad", "ST_NO": "1057", "ST_HORIZONTAL": "地下", "Y": "498", "X": "599", "LNG": "121.482739", "LAT": "31.243748", "ST_NAME": "天潼路"}, "佘山": {"LINE_NO": "9", "TRANSFER_TAG": "普通站", "SERIAL_NO": "7", "ST_NAME_EN": "Sheshan", "ST_NO": "0924", "ST_HORIZONTAL": "高架", "Y": "688", "X": "88", "LNG": "121.229646", "LAT": "31.104025", "ST_NAME": "佘山"}, "江浦公园": {"LINE_NO": "12", "TRANSFER_TAG": "普通站", "SERIAL_NO": "6", "ST_NAME_EN": "JiangpuPark", "ST_NO": "1241", "ST_HORIZONTAL": "地下", "Y": "501", "X": "722", "LNG": "121.523744", "LAT": "31.264485", "ST_NAME": "江浦公园"}, "通河新村": {"LINE_NO": "1", "TRANSFER_TAG": "普通站", "SERIAL_NO": "6", "ST_NAME_EN": "TongheXincun", "ST_NO": "0133", "ST_HORIZONTAL": "高架", "Y": "257", "X": "509", "LNG": "121.441445", "LAT": "31.331173", "ST_NAME": "通河新村"}, "江苏路": {"LINE_NO": "2", "TRANSFER_TAG": "换乘站", "SERIAL_NO": "9", "ST_NAME_EN": "JiangsuRoad", "ST_NO": "0242", "ST_HORIZONTAL": "地下", "Y": "507", "X": "396", "LNG": "121.430972", "LAT": "31.219529", "ST_NAME": "江苏路"}, "博兴路": {"LINE_NO": "6", "TRANSFER_TAG": "普通站", "SERIAL_NO": "19", "ST_NAME_EN": "BoxingRoad", "ST_NO": "0639", "ST_HORIZONTAL": "地下", "Y": "582", "X": "892", "LNG": "121.58668", "LAT": "31.263518", "ST_NAME": "博兴路"}, "周浦东": {"LINE_NO": "16", "TRANSFER_TAG": "普通站", "SERIAL_NO": "4", "ST_NAME_EN": "EastZhoupu", "ST_NO": "1624", "ST_HORIZONTAL": "高架", "Y": "909", "X": "810", "LNG": "121.606979", "LAT": "31.110015", "ST_NAME": "周浦东"}, "耀华路": {"LINE_NO": "8", "TRANSFER_TAG": "换乘站", "SERIAL_NO": "10", "ST_NAME_EN": "YaohuaRoad", "ST_NO": "0829", "ST_HORIZONTAL": "地下", "Y": "742", "X": "555", "LNG": "121.494691", "LAT": "31.178443", "ST_NAME": "耀华路"}, "创新中路": {"LINE_NO": "2", "TRANSFER_TAG": "普通站", "SERIAL_NO": "24", "ST_NAME_EN": "MiddleChuangxinRoad", "ST_NO": "0257", "ST_HORIZONTAL": "地下", "Y": "780", "X": "865", "LNG": "121.673744", "LAT": "31.213895", "ST_NAME": "创新中路"}, "常熟路": {"LINE_NO": "1", "TRANSFER_TAG": "换乘站", "SERIAL_NO": "19", "ST_NAME_EN": "ChangshuRoad", "ST_NO": "0120", "ST_HORIZONTAL": "地下", "Y": "609", "X": "450", "LNG": "121.450886", "LAT": "31.213283", "ST_NAME": "常熟路"}, "四平路": {"LINE_NO": "10", "TRANSFER_TAG": "换乘站", "SERIAL_NO": "24", "ST_NAME_EN": "SipingRoad", "ST_NO": "1061", "ST_HORIZONTAL": "地下", "Y": "397", "X": "711", "LNG": "121.501536", "LAT": "31.274839", "ST_NAME": "四平路"}, "江湾镇": {"LINE_NO": "3", "TRANSFER_TAG": "普通站", "SERIAL_NO": "11", "ST_NAME_EN": "JiangwanTown", "ST_NO": "0329", "ST_HORIZONTAL": "高架", "Y": "292", "X": "588", "LNG": "121.485099", "LAT": "31.305516", "ST_NAME": "江湾镇"}, "浦电路": {"LINE_NO": "6", "TRANSFER_TAG": "普通站", "SERIAL_NO": "11", "ST_NAME_EN": "PudianRoad", "ST_NO": "0631", "ST_HORIZONTAL": "地下", "Y": "631", "X": "634", "LNG": "121.529087", "LAT": "31.220148", "ST_NAME": "浦电路"}, "隆德路": {"LINE_NO": "13", "TRANSFER_TAG": "换乘站", "SERIAL_NO": "8", "ST_NAME_EN": "LongdeRoad", "ST_NO": "1328", "ST_HORIZONTAL": "地下", "Y": "490", "X": "396", "LNG": "121.423687", "LAT": "31.230382", "ST_NAME": "隆德路"}, "北洋泾路": {"LINE_NO": "6", "TRANSFER_TAG": "普通站", "SERIAL_NO": "15", "ST_NAME_EN": "BeiyangjingRoad", "ST_NO": "0635", "ST_HORIZONTAL": "地下", "Y": "531", "X": "773", "LNG": "121.552348", "LAT": "31.23912", "ST_NAME": "北洋泾路"}, "源深体育中心": {"LINE_NO": "6", "TRANSFER_TAG": "普通站", "SERIAL_NO": "13", "ST_NAME_EN": "YuanshenStadium", "ST_NO": "0633", "ST_HORIZONTAL": "地下", "Y": "598", "X": "721", "LNG": "121.534624", "LAT": "31.232956", "ST_NAME": "源深体育中心"}, "水城路": {"LINE_NO": "10", "TRANSFER_TAG": "普通站", "SERIAL_NO": "9", "ST_NAME_EN": "ShuichengRoad", "ST_NO": "1046", "ST_HORIZONTAL": "地下", "Y": "602", "X": "253", "LNG": "121.392531", "LAT": "31.199194", "ST_NAME": "水城路"}, "塘桥": {"LINE_NO": "4", "TRANSFER_TAG": "普通站", "SERIAL_NO": "20", "ST_NAME_EN": "Tangqiao", "ST_NO": "0420", "ST_HORIZONTAL": "地下", "Y": "678", "X": "621", "LNG": "121.518616", "LAT": "31.209798", "ST_NAME": "塘桥"}, "芳华路": {"LINE_NO": "7", "TRANSFER_TAG": "普通站", "SERIAL_NO": "31", "ST_NAME_EN": "FanghuaRoad", "ST_NO": "0751", "ST_HORIZONTAL": "地下", "Y": "748", "X": "722", "LNG": "121.550202", "LAT": "31.192986", "ST_NAME": "芳华路"}, "南京东路": {"LINE_NO": "2", "TRANSFER_TAG": "换乘站", "SERIAL_NO": "13", "ST_NAME_EN": "EastNanjingRoad", "ST_NO": "0246", "ST_HORIZONTAL": "地下", "Y": "564", "X": "616", "LNG": "121.484831", "LAT": "31.23762", "ST_NAME": "南京东路"}, "锦绣路": {"LINE_NO": "7", "TRANSFER_TAG": "普通站", "SERIAL_NO": "30", "ST_NAME_EN": "JinxiuRoad", "ST_NO": "0750", "ST_HORIZONTAL": "地下", "Y": "748", "X": "685", "LNG": "121.54016", "LAT": "31.187479", "ST_NAME": "锦绣路"}, "黄兴公园": {"LINE_NO": "8", "TRANSFER_TAG": "普通站", "SERIAL_NO": "27", "ST_NAME_EN": "HuangxingPark", "ST_NO": "0846", "ST_HORIZONTAL": "地下", "Y": "288", "X": "827", "LNG": "121.533164", "LAT": "31.295684", "ST_NAME": "黄兴公园"}, "娄山关路": {"LINE_NO": "2", "TRANSFER_TAG": "普通站", "SERIAL_NO": "7", "ST_NAME_EN": "LoushanguanRoad", "ST_NO": "0240", "ST_HORIZONTAL": "地下", "Y": "466", "X": "297", "LNG": "121.404064", "LAT": "31.211142", "ST_NAME": "娄山关路"}, "长寿路": {"LINE_NO": "7", "TRANSFER_TAG": "换乘站", "SERIAL_NO": "17", "ST_NAME_EN": "ChangshouRoad", "ST_NO": "0737", "ST_HORIZONTAL": "地下", "Y": "479", "X": "454", "LNG": "121.438279", "LAT": "31.239964", "ST_NAME": "长寿路"}, "罗南新村": {"LINE_NO": "7", "TRANSFER_TAG": "普通站", "SERIAL_NO": "2", "ST_NAME_EN": "LuonanXincun", "ST_NO": "0722", "ST_HORIZONTAL": "高架", "Y": "99", "X": "380", "LNG": "121.357598", "LAT": "31.388819", "ST_NAME": "罗南新村"}, "宁国路": {"LINE_NO": "12", "TRANSFER_TAG": "普通站", "SERIAL_NO": "7", "ST_NAME_EN": "NingguoRoad", "ST_NO": "1242", "ST_HORIZONTAL": "地下", "Y": "501", "X": "744", "LNG": "121.532349", "LAT": "31.268557", "ST_NAME": "宁国路"}, "顾村公园": {"LINE_NO": "7", "TRANSFER_TAG": "普通站", "SERIAL_NO": "5", "ST_NAME_EN": "GucunPark", "ST_NO": "0725", "ST_HORIZONTAL": "地下", "Y": "171", "X": "377", "LNG": "121.372704", "LAT": "31.344774", "ST_NAME": "顾村公园"}, "真如": {"LINE_NO": "11", "TRANSFER_TAG": "普通站", "SERIAL_NO": "16", "ST_NAME_EN": "Zhenru", "ST_NO": "1143", "ST_HORIZONTAL": "地下", "Y": "386", "X": "357", "LNG": "121.407251", "LAT": "31.250673", "ST_NAME": "真如"}, "四川北路": {"LINE_NO": "10", "TRANSFER_TAG": "普通站", "SERIAL_NO": "21", "ST_NAME_EN": "NorthSichuanRoad", "ST_NO": "1058", "ST_HORIZONTAL": "地下", "Y": "467", "X": "623", "LNG": "121.484284", "LAT": "31.25204", "ST_NAME": "四川北路"}, "江杨北路": {"LINE_NO": "3", "TRANSFER_TAG": "普通站", "SERIAL_NO": "1", "ST_NAME_EN": "NorthJiangyangRoad", "ST_NO": "0339", "ST_HORIZONTAL": "地面", "Y": "34", "X": "622", "LNG": "121.439781", "LAT": "31.407597", "ST_NAME": "江杨北路"}, "淞滨路": {"LINE_NO": "3", "TRANSFER_TAG": "普通站", "SERIAL_NO": "6", "ST_NAME_EN": "SongbinRoad", "ST_NO": "0334", "ST_HORIZONTAL": "高架", "Y": "162", "X": "633", "LNG": "121.492781", "LAT": "31.370779", "ST_NAME": "淞浜路"}, "打浦桥": {"LINE_NO": "9", "TRANSFER_TAG": "普通站", "SERIAL_NO": "20", "ST_NAME_EN": "Dapuqiao", "ST_NO": "0937", "ST_HORIZONTAL": "地下", "Y": "635", "X": "502", "LNG": "121.468598", "LAT": "31.206306", "ST_NAME": "打浦桥"}, "御桥": {"LINE_NO": "11", "TRANSFER_TAG": "普通站", "SERIAL_NO": "32", "ST_NAME_EN": "Yuqiao", "ST_NO": "1159", "ST_HORIZONTAL": "地下", "Y": "879", "X": "728", "LNG": "121.57093", "LAT": "31.158099", "ST_NAME": "御桥"}, "航津路": {"LINE_NO": "6", "TRANSFER_TAG": "普通站", "SERIAL_NO": "26", "ST_NAME_EN": "HangjinRoad", "ST_NO": "0646", "ST_HORIZONTAL": "高架", "Y": "314", "X": "913", "LNG": "121.593933", "LAT": "31.335354", "ST_NAME": "航津路"}, "淞浜路": {"LINE_NO": "3", "TRANSFER_TAG": "普通站", "SERIAL_NO": "6", "ST_NAME_EN": "SongbinRoad", "ST_NO": "0334", "ST_HORIZONTAL": "高架", "Y": "162", "X": "633", "LNG": "121.492781", "LAT": "31.370779", "ST_NAME": "淞浜路"}, "徐泾东": {"LINE_NO": "2", "TRANSFER_TAG": "普通站", "SERIAL_NO": "1", "ST_NAME_EN": "EastXujin", "ST_NO": "0234", "ST_HORIZONTAL": "地下", "Y": "476", "X": "135", "LNG": "121.299394", "LAT": "31.188346", "ST_NAME": "徐泾东"}, "李子园": {"LINE_NO": "11", "TRANSFER_TAG": "普通站", "SERIAL_NO": "14", "ST_NAME_EN": "Liziyuan", "ST_NO": "1141", "ST_HORIZONTAL": "地下", "Y": "341", "X": "304", "LNG": "121.389956", "LAT": "31.268979", "ST_NAME": "李子园路"}, "航头东": {"LINE_NO": "16", "TRANSFER_TAG": "普通站", "SERIAL_NO": "6", "ST_NAME_EN": "EastHangtou", "ST_NO": "1626", "ST_HORIZONTAL": "高架", "Y": "965", "X": "797", "LNG": "121.617665", "LAT": "31.054847", "ST_NAME": "航头东"}, "长清路": {"LINE_NO": "7", "TRANSFER_TAG": "普通站", "SERIAL_NO": "25", "ST_NAME_EN": "ChangqingRoad", "ST_NO": "0745", "ST_HORIZONTAL": "地下", "Y": "744", "X": "502", "LNG": "121.486086", "LAT": "31.174555", "ST_NAME": "长清路"}, "小南门": {"LINE_NO": "9", "TRANSFER_TAG": "普通站", "SERIAL_NO": "23", "ST_NAME_EN": "Xiaonanmen", "ST_NO": "0940", "ST_HORIZONTAL": "地下", "Y": "604", "X": "609", "LNG": "121.498339", "LAT": "31.216767", "ST_NAME": "小南门"}, "潘广路": {"LINE_NO": "7", "TRANSFER_TAG": "普通站", "SERIAL_NO": "3", "ST_NAME_EN": "PanguangRoad", "ST_NO": "0723", "ST_HORIZONTAL": "地下", "Y": "122", "X": "390", "LNG": "121.355881", "LAT": "31.364124", "ST_NAME": "潘广路"}, "金科路": {"LINE_NO": "2", "TRANSFER_TAG": "普通站", "SERIAL_NO": "21", "ST_NAME_EN": "JinkeRoad", "ST_NO": "0254", "ST_HORIZONTAL": "地下", "Y": "778", "X": "784", "LNG": "121.601979", "LAT": "31.204205", "ST_NAME": "金科路"}, "高科西路": {"LINE_NO": "7", "TRANSFER_TAG": "换乘站", "SERIAL_NO": "28", "ST_NAME_EN": "WestGaokeRoad", "ST_NO": "0748", "ST_HORIZONTAL": "地下", "Y": "747", "X": "608", "LNG": "121.509861", "LAT": "31.18579", "ST_NAME": "高科西路"}, "川沙": {"LINE_NO": "2", "TRANSFER_TAG": "普通站", "SERIAL_NO": "26", "ST_NAME_EN": "Chuansha", "ST_NO": "0259", "ST_HORIZONTAL": "地下", "Y": "769", "X": "922", "LNG": "121.698206", "LAT": "31.186749", "ST_NAME": "川沙"}, "北新泾": {"LINE_NO": "2", "TRANSFER_TAG": "普通站", "SERIAL_NO": "5", "ST_NAME_EN": "Beixinjing", "ST_NO": "0238", "ST_HORIZONTAL": "地下", "Y": "477", "X": "248", "LNG": "121.37383", "LAT": "31.216666", "ST_NAME": "北新泾"}, "淞发路": {"LINE_NO": "3", "TRANSFER_TAG": "普通站", "SERIAL_NO": "8", "ST_NAME_EN": "SongfaRoad", "ST_NO": "0332", "ST_HORIZONTAL": "高架", "Y": "211", "X": "612", "LNG": "121.50042", "LAT": "31.34498", "ST_NAME": "淞发路"}, "松江体育中心": {"LINE_NO": "9", "TRANSFER_TAG": "普通站", "SERIAL_NO": "3", "ST_NAME_EN": "SongjiangSportsCenter", "ST_NO": "0920", "ST_HORIZONTAL": "地下", "Y": "815", "X": "90", "LNG": "121.230547", "LAT": "31.015575", "ST_NAME": "松江体育中心"}, "江月路": {"LINE_NO": "8", "TRANSFER_TAG": "普通站", "SERIAL_NO": "3", "ST_NAME_EN": "JiangyueRoad", "ST_NO": "0822", "ST_HORIZONTAL": "高架", "Y": "939", "X": "381", "LNG": "121.508595", "LAT": "31.084254", "ST_NAME": "江月路"}, "上海马戏城": {"LINE_NO": "1", "TRANSFER_TAG": "普通站", "SERIAL_NO": "10", "ST_NAME_EN": "ShanghaiCircusWorld", "ST_NO": "0129", "ST_HORIZONTAL": "地下", "Y": "372", "X": "500", "LNG": "121.45183", "LAT": "31.279839", "ST_NAME": "上海马戏城"}, "徐家汇": {"LINE_NO": "1", "TRANSFER_TAG": "换乘站", "SERIAL_NO": "22", "ST_NAME_EN": "Xujiahui", "ST_NO": "1149", "ST_HORIZONTAL": "地下", "Y": "654", "X": "393", "LNG": "121.436304", "LAT": "31.193752", "ST_NAME": "徐家汇"}, "上海科技馆": {"LINE_NO": "2", "TRANSFER_TAG": "普通站", "SERIAL_NO": "17", "ST_NAME_EN": "ShanghaiSTMuseum", "ST_NO": "0250", "ST_HORIZONTAL": "地下", "Y": "643", "X": "725", "LNG": "121.544312", "LAT": "31.218767", "ST_NAME": "上海科技馆"}, "龙华中路": {"LINE_NO": "7", "TRANSFER_TAG": "普通站", "SERIAL_NO": "23", "ST_NAME_EN": "MiddleLonghuaRoad", "ST_NO": "0743", "ST_HORIZONTAL": "地下", "Y": "744", "X": "443", "LNG": "121.457505", "LAT": "31.185129", "ST_NAME": "龙华中路"}, "上海南站": {"LINE_NO": "1", "TRANSFER_TAG": "换乘站", "SERIAL_NO": "29", "ST_NAME_EN": "ShanghaiSouthStation", "ST_NO": "0311", "ST_HORIZONTAL": "地面", "Y": "730", "X": "295", "LNG": "121.431047", "LAT": "31.153256", "ST_NAME": "上海南站"}, "衡山路": {"LINE_NO": "1", "TRANSFER_TAG": "普通站", "SERIAL_NO": "20", "ST_NAME_EN": "HengshanRoad", "ST_NO": "0119", "ST_HORIZONTAL": "地下", "Y": "630", "X": "419", "LNG": "121.446423", "LAT": "31.204327", "ST_NAME": "衡山路"}, "黄陂南路": {"LINE_NO": "1", "TRANSFER_TAG": "普通站", "SERIAL_NO": "17", "ST_NAME_EN": "SouthHuangpiRoad", "ST_NO": "0122", "ST_HORIZONTAL": "地下", "Y": "569", "X": "541", "LNG": "121.473288", "LAT": "31.222678", "ST_NAME": "黄陂南路"}, "上海体育馆": {"LINE_NO": "4", "TRANSFER_TAG": "换乘站", "SERIAL_NO": "1", "ST_NAME_EN": "ShanghaiIndoorStadium", "ST_NO": "0401", "ST_HORIZONTAL": "地下", "Y": "675", "X": "362", "LNG": "121.43742", "LAT": "31.182853", "ST_NAME": "上海体育馆"}, "宝山路": {"LINE_NO": "4", "TRANSFER_TAG": "换乘站", "SERIAL_NO": "11", "ST_NAME_EN": "BaoshanRoad", "ST_NO": "0411", "ST_HORIZONTAL": "高架", "Y": "452", "X": "571", "LNG": "121.476216", "LAT": "31.251558", "ST_NAME": "宝山路"}, "北桥": {"LINE_NO": "5", "TRANSFER_TAG": "普通站", "SERIAL_NO": "5", "ST_NAME_EN": "Beiqiao", "ST_NO": "0507", "ST_HORIZONTAL": "高架", "Y": "932", "X": "219", "LNG": "121.410126", "LAT": "31.045109", "ST_NAME": "北桥"}, "延长路": {"LINE_NO": "1", "TRANSFER_TAG": "普通站", "SERIAL_NO": "11", "ST_NAME_EN": "YanchangRoad", "ST_NO": "0128", "ST_HORIZONTAL": "地下", "Y": "397", "X": "522", "LNG": "121.455349", "LAT": "31.271769", "ST_NAME": "延长路"}, "剑川路": {"LINE_NO": "5", "TRANSFER_TAG": "普通站", "SERIAL_NO": "6", "ST_NAME_EN": "JianchuanRoad", "ST_NO": "0508", "ST_HORIZONTAL": "高架", "Y": "956", "X": "218", "LNG": "121.416563", "LAT": "31.026466", "ST_NAME": "剑川路"}, "镇坪路": {"LINE_NO": "7", "TRANSFER_TAG": "普通站", "SERIAL_NO": "16", "ST_NAME_EN": "ZhenpingRoad", "ST_NO": "0736", "ST_HORIZONTAL": "地下", "Y": "433", "X": "418", "LNG": "121.43167", "LAT": "31.246642", "ST_NAME": "镇坪路"}, "马当路": {"LINE_NO": "9", "TRANSFER_TAG": "普通站", "SERIAL_NO": "21", "ST_NAME_EN": "MadangRoad", "ST_NO": "0938", "ST_HORIZONTAL": "地下", "Y": "654", "X": "513", "LNG": "121.477267", "LAT": "31.209463", "ST_NAME": "马当路"}, "锦江乐园": {"LINE_NO": "1", "TRANSFER_TAG": "普通站", "SERIAL_NO": "25", "ST_NAME_EN": "JinjiangPark", "ST_NO": "0114", "ST_HORIZONTAL": "地面", "Y": "753", "X": "270", "LNG": "121.414322", "LAT": "31.141905", "ST_NAME": "锦江乐园"}, "大连路": {"LINE_NO": "4", "TRANSFER_TAG": "换乘站", "SERIAL_NO": "14", "ST_NAME_EN": "DalianRoad", "ST_NO": "0414", "ST_HORIZONTAL": "地下", "Y": "501", "X": "698", "LNG": "121.513037", "LAT": "31.257979", "ST_NAME": "大连路"}, "汶水路": {"LINE_NO": "1", "TRANSFER_TAG": "普通站", "SERIAL_NO": "9", "ST_NAME_EN": "WenshuiRoad", "ST_NO": "0130", "ST_HORIZONTAL": "高架", "Y": "341", "X": "520", "LNG": "121.450113", "LAT": "31.292602", "ST_NAME": "汶水路"}, "成山路": {"LINE_NO": "8", "TRANSFER_TAG": "普通站", "SERIAL_NO": "9", "ST_NAME_EN": "ChengshanRoad", "ST_NO": "0828", "ST_HORIZONTAL": "地下", "Y": "801", "X": "543", "LNG": "121.496407", "LAT": "31.170511", "ST_NAME": "成山路"}, "新场": {"LINE_NO": "16", "TRANSFER_TAG": "普通站", "SERIAL_NO": "7", "ST_NAME_EN": "Xinchang", "ST_NO": "1627", "ST_HORIZONTAL": "高架", "Y": "965", "X": "835", "LNG": "121.648993", "LAT": "31.045472", "ST_NAME": "新场"}, "真北路": {"LINE_NO": "13", "TRANSFER_TAG": "普通站", "SERIAL_NO": "5", "ST_NAME_EN": "ZhengbeiRoad", "ST_NO": "1325", "ST_HORIZONTAL": "地下", "Y": "434", "X": "309", "LNG": "121.382102", "LAT": "31.232107", "ST_NAME": "真北路"}, "殷高西路": {"LINE_NO": "3", "TRANSFER_TAG": "普通站", "SERIAL_NO": "10", "ST_NAME_EN": "WestYingaoRoad", "ST_NO": "0330", "ST_HORIZONTAL": "高架", "Y": "262", "X": "578", "LNG": "121.484842", "LAT": "31.31987", "ST_NAME": "殷高西路"}, "灵岩南路": {"LINE_NO": "6", "TRANSFER_TAG": "普通站", "SERIAL_NO": "2", "ST_NAME_EN": "SouthLingyanRoad", "ST_NO": "0622", "ST_HORIZONTAL": "地下", "Y": "841", "X": "484", "LNG": "121.495227", "LAT": "31.148629", "ST_NAME": "灵岩南路"}, "蓝村路": {"LINE_NO": "6", "TRANSFER_TAG": "换乘站", "SERIAL_NO": "10", "ST_NAME_EN": "LancunRoad", "ST_NO": "0630", "ST_HORIZONTAL": "地下", "Y": "677", "X": "680", "LNG": "121.527757", "LAT": "31.211633", "ST_NAME": "蓝村路"}, "三林东": {"LINE_NO": "11", "TRANSFER_TAG": "普通站", "SERIAL_NO": "29", "ST_NAME_EN": "EastSanlin", "ST_NO": "1156", "ST_HORIZONTAL": "地下", "Y": "878", "X": "522", "LNG": "121.523036", "LAT": "31.14642", "ST_NAME": "三林东"}, "大柏树": {"LINE_NO": "3", "TRANSFER_TAG": "普通站", "SERIAL_NO": "12", "ST_NAME_EN": "Dabaishu", "ST_NO": "0328", "ST_HORIZONTAL": "高架", "Y": "324", "X": "588", "LNG": "121.483232", "LAT": "31.289418", "ST_NAME": "大柏树"}, "漕溪路": {"LINE_NO": "3", "TRANSFER_TAG": "普通站", "SERIAL_NO": "26", "ST_NAME_EN": "CaoxiRoad", "ST_NO": "0314", "ST_HORIZONTAL": "高架", "Y": "675", "X": "348", "LNG": "121.438386", "LAT": "31.176703", "ST_NAME": "漕溪路"}, "航中路": {"LINE_NO": "10", "TRANSFER_TAG": "普通站", "SERIAL_NO": "1", "ST_NAME_EN": "HangzhongRoad", "ST_NO": "1018", "ST_HORIZONTAL": "地下", "Y": "602", "X": "154", "LNG": "121.355452", "LAT": "31.165068", "ST_NAME": "航中路"}, "嫩江路": {"LINE_NO": "8", "TRANSFER_TAG": "普通站", "SERIAL_NO": "29", "ST_NAME_EN": "NenjiangRoad", "ST_NO": "0848", "ST_HORIZONTAL": "地下", "Y": "231", "X": "827", "LNG": "121.531877", "LAT": "31.314751", "ST_NAME": "嫩江路"}, "中华艺术宫": {"LINE_NO": "8", "TRANSFER_TAG": "普通站", "SERIAL_NO": "11", "ST_NAME_EN": "ChinaArtMuseum", "ST_NO": "0830", "ST_HORIZONTAL": "地下", "Y": "711", "X": "552", "LNG": "121.493489", "LAT": "31.185051", "ST_NAME": "中华艺术宫"}, "杨高中路": {"LINE_NO": "9", "TRANSFER_TAG": "普通站", "SERIAL_NO": "26", "ST_NAME_EN": "MiddleYanggaoRoad", "ST_NO": "0943", "ST_HORIZONTAL": "地下", "Y": "615", "X": "748", "LNG": "121.548764", "LAT": "31.227447", "ST_NAME": "杨高中路"}, "杨高北路": {"LINE_NO": "12", "TRANSFER_TAG": "普通站", "SERIAL_NO": "13", "ST_NAME_EN": "NorthYanggaoRoad", "ST_NO": "1248", "ST_HORIZONTAL": "地下", "Y": "501", "X": "935", "LNG": "121.602988", "LAT": "31.280038", "ST_NAME": "杨高北路"}, "临港大道": {"LINE_NO": "16", "TRANSFER_TAG": "普通站", "SERIAL_NO": "12", "ST_NAME_EN": "LingangAvenue", "ST_NO": "1632", "ST_HORIZONTAL": "地下", "Y": "1022", "X": "997", "LNG": "121.910905", "LAT": "30.923397", "ST_NAME": "临港大道"}, "浦东大道": {"LINE_NO": "4", "TRANSFER_TAG": "普通站", "SERIAL_NO": "16", "ST_NAME_EN": "PudongAvenue", "ST_NO": "0416", "ST_HORIZONTAL": "地下", "Y": "554", "X": "699", "LNG": "121.519346", "LAT": "31.240038", "ST_NAME": "浦东大道"}, "闵行开发区": {"LINE_NO": "5", "TRANSFER_TAG": "普通站", "SERIAL_NO": "11", "ST_NAME_EN": "MinhangDevelopmentZone", "ST_NO": "0513", "ST_HORIZONTAL": "高架", "Y": "943", "X": "96", "LNG": "121.369657", "LAT": "31.000572", "ST_NAME": "闵行开发区"}, "上海大学": {"LINE_NO": "7", "TRANSFER_TAG": "普通站", "SERIAL_NO": "7", "ST_NAME_EN": "ShanghaiUniversity", "ST_NO": "0727", "ST_HORIZONTAL": "地下", "Y": "212", "X": "464", "LNG": "121.388926", "LAT": "31.320507", "ST_NAME": "上海大学站"}, "光明路": {"LINE_NO": "11", "TRANSFER_TAG": "普通站", "SERIAL_NO": "15", "ST_NAME_EN": "GuangmingRoad", "ST_NO": "1115", "ST_HORIZONTAL": "高架", "Y": "260", "X": "62", "LNG": "121.117186", "LAT": "31.296156", "ST_NAME": "光明路"}, "世纪大道": {"LINE_NO": "9", "TRANSFER_TAG": "换乘站", "SERIAL_NO": "25", "ST_NAME_EN": "CenturyAvenue", "ST_NO": "0942", "ST_HORIZONTAL": "地下", "Y": "569", "X": "692", "LNG": "121.527221", "LAT": "31.228694", "ST_NAME": "﻿世纪大道"}, "世纪公园": {"LINE_NO": "2", "TRANSFER_TAG": "普通站", "SERIAL_NO": "18", "ST_NAME_EN": "CenturyPark", "ST_NO": "0251", "ST_HORIZONTAL": "地下", "Y": "677", "X": "739", "LNG": "121.550899", "LAT": "31.209426", "ST_NAME": "世纪公园"}, "外高桥保税区北": {"LINE_NO": "6", "TRANSFER_TAG": "普通站", "SERIAL_NO": "27", "ST_NAME_EN": "NorthWaigaoqiaoFreeTradeZone", "ST_NO": "0647", "ST_HORIZONTAL": "高架", "Y": "279", "X": "911", "LNG": "121.586894", "LAT": "31.347743", "ST_NAME": "外高桥保税区北"}, "嘉定北": {"LINE_NO": "11", "TRANSFER_TAG": "普通站", "SERIAL_NO": "5", "ST_NAME_EN": "NorthJiading", "ST_NO": "1131", "ST_HORIZONTAL": "高架", "Y": "101", "X": "208", "LNG": "121.237392", "LAT": "31.391489", "ST_NAME": "嘉定北"}, "祁连山路": {"LINE_NO": "11", "TRANSFER_TAG": "普通站", "SERIAL_NO": "13", "ST_NAME_EN": "QilianshanRoad", "ST_NO": "1140", "ST_HORIZONTAL": "地下", "Y": "319", "X": "275", "LNG": "121.376051", "LAT": "31.271583", "ST_NAME": "祁连山路"}, "浦三路": {"LINE_NO": "11", "TRANSFER_TAG": "普通站", "SERIAL_NO": "30", "ST_NAME_EN": "PusanRoad", "ST_NO": "1157", "ST_HORIZONTAL": "地下", "Y": "878", "X": "590", "LNG": "121.539044", "LAT": "31.150864", "ST_NAME": "浦三路"}, "金运路": {"LINE_NO": "13", "TRANSFER_TAG": "普通站", "SERIAL_NO": "1", "ST_NAME_EN": "JinyunRoad", "ST_NO": "1321", "ST_HORIZONTAL": "地下", "Y": "371", "X": "224", "LNG": "121.319446", "LAT": "31.240767", "ST_NAME": "金运路"}, "延安西路": {"LINE_NO": "3", "TRANSFER_TAG": "换乘站", "SERIAL_NO": "23", "ST_NAME_EN": "WestYanAnRoad", "ST_NO": "0317", "ST_HORIZONTAL": "高架", "Y": "556", "X": "347", "LNG": "121.417057", "LAT": "31.209651", "ST_NAME": "延安西路"}, "五洲大道": {"LINE_NO": "6", "TRANSFER_TAG": "普通站", "SERIAL_NO": "23", "ST_NAME_EN": "WuzhouAvenue", "ST_NO": "0643", "ST_HORIZONTAL": "高架", "Y": "422", "X": "892", "LNG": "121.589169", "LAT": "31.302578", "ST_NAME": "五洲大道"}, "美兰湖": {"LINE_NO": "7", "TRANSFER_TAG": "普通站", "SERIAL_NO": "1", "ST_NAME_EN": "MeilanLake", "ST_NO": "0721", "ST_HORIZONTAL": "高架", "Y": "74", "X": "388", "LNG": "121.349787", "LAT": "31.40186", "ST_NAME": "美兰湖"}, "﻿世纪大道": {"LINE_NO": "9", "TRANSFER_TAG": "换乘站", "SERIAL_NO": "25", "ST_NAME_EN": "CenturyAvenue", "ST_NO": "0942", "ST_HORIZONTAL": "地下", "Y": "569", "X": "692", "LNG": "121.527221", "LAT": "31.228694", "ST_NAME": "﻿世纪大道"}, "港城路": {"LINE_NO": "6", "TRANSFER_TAG": "普通站", "SERIAL_NO": "28", "ST_NAME_EN": "GangchengRoad", "ST_NO": "0648", "ST_HORIZONTAL": "高架", "Y": "252", "X": "911", "LNG": "121.574749", "LAT": "31.352947", "ST_NAME": "港城路"}, "洞泾": {"LINE_NO": "9", "TRANSFER_TAG": "普通站", "SERIAL_NO": "6", "ST_NAME_EN": "Dongjing", "ST_NO": "0923", "ST_HORIZONTAL": "高架", "Y": "721", "X": "88", "LNG": "121.230461", "LAT": "31.084401", "ST_NAME": "洞泾"}, "松江大学城": {"LINE_NO": "9", "TRANSFER_TAG": "普通站", "SERIAL_NO": "5", "ST_NAME_EN": "SongjiangUniversityTown", "ST_NO": "0922", "ST_HORIZONTAL": "高架", "Y": "750", "X": "89", "LNG": "121.23265", "LAT": "31.053965", "ST_NAME": "松江大学城"}, "民生路": {"LINE_NO": "6", "TRANSFER_TAG": "普通站", "SERIAL_NO": "14", "ST_NAME_EN": "MinshengRoad", "ST_NO": "0634", "ST_HORIZONTAL": "地下", "Y": "542", "X": "746", "LNG": "121.54355", "LAT": "31.235854", "ST_NAME": "民生路"}, "大场镇": {"LINE_NO": "7", "TRANSFER_TAG": "普通站", "SERIAL_NO": "11", "ST_NAME_EN": "DachangTown", "ST_NO": "0731", "ST_HORIZONTAL": "地下", "Y": "319", "X": "443", "LNG": "121.416563", "LAT": "31.293154", "ST_NAME": "大场镇"}, "文井路": {"LINE_NO": "5", "TRANSFER_TAG": "普通站", "SERIAL_NO": "10", "ST_NAME_EN": "WenjingRoad", "ST_NO": "0512", "ST_HORIZONTAL": "高架", "Y": "963", "X": "126", "LNG": "121.380858", "LAT": "31.003588", "ST_NAME": "文井路"}, "友谊路": {"LINE_NO": "3", "TRANSFER_TAG": "普通站", "SERIAL_NO": "3", "ST_NAME_EN": "YouyiRoad", "ST_NO": "0337", "ST_HORIZONTAL": "高架", "Y": "74", "X": "633", "LNG": "121.475872", "LAT": "31.403971", "ST_NAME": "友谊路"}, "德平路": {"LINE_NO": "6", "TRANSFER_TAG": "普通站", "SERIAL_NO": "16", "ST_NAME_EN": "DepingRoad", "ST_NO": "0636", "ST_HORIZONTAL": "地下", "Y": "543", "X": "803", "LNG": "121.564235", "LAT": "31.245395", "ST_NAME": "德平路"}, "外高桥保税区北站": {"LINE_NO": "6", "TRANSFER_TAG": "普通站", "SERIAL_NO": "27", "ST_NAME_EN": "NorthWaigaoqiaoFreeTradeZone", "ST_NO": "0647", "ST_HORIZONTAL": "高架", "Y": "279", "X": "911", "LNG": "121.586894", "LAT": "31.347743", "ST_NAME": "外高桥保税区北"}, "昌吉东路": {"LINE_NO": "11", "TRANSFER_TAG": "普通站", "SERIAL_NO": "3", "ST_NAME_EN": "EastChangjiRoad", "ST_NO": "1119", "ST_HORIZONTAL": "地面", "Y": "185", "X": "150", "LNG": "121.200399", "LAT": "31.293589", "ST_NAME": "昌吉东路"}, "中山北路": {"LINE_NO": "1", "TRANSFER_TAG": "普通站", "SERIAL_NO": "12", "ST_NAME_EN": "NorthZhongshanRoad", "ST_NO": "0127", "ST_HORIZONTAL": "地下", "Y": "420", "X": "489", "LNG": "121.459211", "LAT": "31.258784", "ST_NAME": "中山北路"}, "上海火车站": {"LINE_NO": "1", "TRANSFER_TAG": "换乘站", "SERIAL_NO": "13", "ST_NAME_EN": "ShanghaiRailwayStation", "ST_NO": "0126", "ST_HORIZONTAL": "地下", "Y": "455", "X": "527", "LNG": "121.455778", "LAT": "31.247337", "ST_NAME": "上海火车站"}, "远东大道": {"LINE_NO": "2", "TRANSFER_TAG": "普通站", "SERIAL_NO": "28", "ST_NAME_EN": "YuandongAvenue", "ST_NO": "0261", "ST_HORIZONTAL": "高架", "Y": "818", "X": "920", "LNG": "121.755305", "LAT": "31.19936", "ST_NAME": "远东大道"}, "人民广场": {"LINE_NO": "2", "TRANSFER_TAG": "换乘站", "SERIAL_NO": "12", "ST_NAME_EN": "PeopleSquare", "ST_NO": "0245", "ST_HORIZONTAL": "地下", "Y": "547", "X": "544", "LNG": "121.474488", "LAT": "31.234593", "ST_NAME": "人民广场"}, "陆家浜路": {"LINE_NO": "9", "TRANSFER_TAG": "换乘站", "SERIAL_NO": "22", "ST_NAME_EN": "LujiabangRoad", "ST_NO": "0939", "ST_HORIZONTAL": "地下", "Y": "631", "X": "549", "LNG": "121.486108", "LAT": "31.211739", "ST_NAME": "陆家浜路"}, "杨树浦路": {"LINE_NO": "4", "TRANSFER_TAG": "普通站", "SERIAL_NO": "15", "ST_NAME_EN": "YangshupuRoad", "ST_NO": "0415", "ST_HORIZONTAL": "地下", "Y": "528", "X": "700", "LNG": "121.517157", "LAT": "31.251925", "ST_NAME": "杨树浦路"}, "上海大学站": {"LINE_NO": "7", "TRANSFER_TAG": "普通站", "SERIAL_NO": "7", "ST_NAME_EN": "ShanghaiUniversity", "ST_NO": "0727", "ST_HORIZONTAL": "地下", "Y": "212", "X": "464", "LNG": "121.388926", "LAT": "31.320507", "ST_NAME": "上海大学站"}, "武威路": {"LINE_NO": "11", "TRANSFER_TAG": "普通站", "SERIAL_NO": "12", "ST_NAME_EN": "WuweiRoad", "ST_NO": "1139", "ST_HORIZONTAL": "地下", "Y": "299", "X": "264", "LNG": "121.364593", "LAT": "31.276682", "ST_NAME": "武威路"}, "浦江镇": {"LINE_NO": "8", "TRANSFER_TAG": "普通站", "SERIAL_NO": "4", "ST_NAME_EN": "PujiangTown", "ST_NO": "0823", "ST_HORIZONTAL": "高架", "Y": "911", "X": "381", "LNG": "121.506364", "LAT": "31.096529", "ST_NAME": "浦江镇"}, "黄兴路": {"LINE_NO": "8", "TRANSFER_TAG": "普通站", "SERIAL_NO": "25", "ST_NAME_EN": "HuangxingRoad", "ST_NO": "0844", "ST_HORIZONTAL": "地下", "Y": "354", "X": "830", "LNG": "121.528487", "LAT": "31.27874", "ST_NAME": "黄兴路"}, "凌空路": {"LINE_NO": "2", "TRANSFER_TAG": "普通站", "SERIAL_NO": "27", "ST_NAME_EN": "LingkongRoad", "ST_NO": "0260", "ST_HORIZONTAL": "地下", "Y": "797", "X": "920", "LNG": "121.723784", "LAT": "31.192844", "ST_NAME": "凌空路"}, "五莲路": {"LINE_NO": "6", "TRANSFER_TAG": "普通站", "SERIAL_NO": "20", "ST_NAME_EN": "WulianRoad", "ST_NO": "0640", "ST_HORIZONTAL": "高架", "Y": "543", "X": "891", "LNG": "121.587839", "LAT": "31.271991", "ST_NAME": "五莲路"}, "虹桥1号航站楼": {"LINE_NO": "10", "TRANSFER_TAG": "普通站", "SERIAL_NO": "6", "ST_NAME_EN": "HongqiaoAirportTerminal1", "ST_NO": "1043", "ST_HORIZONTAL": "地下", "Y": "541", "X": "220", "LNG": "121.347384", "LAT": "31.191265", "ST_NAME": "虹桥1号航站楼"}, "漕宝路": {"LINE_NO": "1", "TRANSFER_TAG": "普通站", "SERIAL_NO": "23", "ST_NAME_EN": "CaobaoRoad", "ST_NO": "0116", "ST_HORIZONTAL": "地下", "Y": "694", "X": "290", "LNG": "121.435007", "LAT": "31.168054", "ST_NAME": "漕宝路"}, "广兰路": {"LINE_NO": "2", "TRANSFER_TAG": "普通站", "SERIAL_NO": "22", "ST_NAME_EN": "GuanglanRoad", "ST_NO": "0255", "ST_HORIZONTAL": "地下", "Y": "779", "X": "812", "LNG": "121.621055", "LAT": "31.21106", "ST_NAME": "广兰路"}, "野生动物园": {"LINE_NO": "16", "TRANSFER_TAG": "普通站", "SERIAL_NO": "8", "ST_NAME_EN": "WildAnimalPark", "ST_NO": "1628", "ST_HORIZONTAL": "高架", "Y": "965", "X": "870", "LNG": "121.699376", "LAT": "31.050068", "ST_NAME": "上海野生动物园"}, "李子园路": {"LINE_NO": "11", "TRANSFER_TAG": "普通站", "SERIAL_NO": "14", "ST_NAME_EN": "Liziyuan", "ST_NO": "1141", "ST_HORIZONTAL": "地下", "Y": "341", "X": "304", "LNG": "121.389956", "LAT": "31.268979", "ST_NAME": "李子园路"}, "汉中路": {"LINE_NO": "1", "TRANSFER_TAG": "普通站", "SERIAL_NO": "14", "ST_NAME_EN": "HanzhongRoad", "ST_NO": "0125", "ST_HORIZONTAL": "地下", "Y": "479", "X": "483", "LNG": "121.458353", "LAT": "31.241613", "ST_NAME": "汉中路"}, "龙溪路": {"LINE_NO": "10", "TRANSFER_TAG": "普通站", "SERIAL_NO": "8", "ST_NAME_EN": "LongxiRoad", "ST_NO": "1045", "ST_HORIZONTAL": "地下", "Y": "601", "X": "231", "LNG": "121.380085", "LAT": "31.194275", "ST_NAME": "龙溪路"}, "东方体育中心": {"LINE_NO": "11", "TRANSFER_TAG": "换乘站", "SERIAL_NO": "27", "ST_NAME_EN": "OrientalSportsCenter", "ST_NO": "1154", "ST_HORIZONTAL": "地下", "Y": "838", "X": "359", "LNG": "121.48025", "LAT": "31.153435", "ST_NAME": "东方体育中心"}, "上海西站": {"LINE_NO": "11", "TRANSFER_TAG": "普通站", "SERIAL_NO": "15", "ST_NAME_EN": "WestShanghaiRailwayStation", "ST_NO": "1142", "ST_HORIZONTAL": "地下", "Y": "365", "X": "318", "LNG": "121.400942", "LAT": "31.262706", "ST_NAME": "上海西站"}, "新闸路": {"LINE_NO": "1", "TRANSFER_TAG": "普通站", "SERIAL_NO": "15", "ST_NAME_EN": "XinzhaRoad", "ST_NO": "0124", "ST_HORIZONTAL": "地下", "Y": "521", "X": "483", "LNG": "121.468138", "LAT": "31.238384", "ST_NAME": "新闸路"}, "张华浜": {"LINE_NO": "3", "TRANSFER_TAG": "普通站", "SERIAL_NO": "7", "ST_NAME_EN": "Zhanghuabang", "ST_NO": "0333", "ST_HORIZONTAL": "高架", "Y": "189", "X": "634", "LNG": "121.498746", "LAT": "31.357771", "ST_NAME": "张华浜"}, "泗泾": {"LINE_NO": "9", "TRANSFER_TAG": "普通站", "SERIAL_NO": "8", "ST_NAME_EN": "Sijing", "ST_NO": "0925", "ST_HORIZONTAL": "高架", "Y": "632", "X": "92", "LNG": "121.260244", "LAT": "31.118171", "ST_NAME": "泗泾"}, "大渡河路": {"LINE_NO": "13", "TRANSFER_TAG": "普通站", "SERIAL_NO": "6", "ST_NAME_EN": "DaduheRoad", "ST_NO": "1326", "ST_HORIZONTAL": "地下", "Y": "453", "X": "330", "LNG": "121.394591", "LAT": "31.23163", "ST_NAME": "大渡河路"}, "上海野生动物园": {"LINE_NO": "16", "TRANSFER_TAG": "普通站", "SERIAL_NO": "8", "ST_NAME_EN": "WildAnimalPark", "ST_NO": "1628", "ST_HORIZONTAL": "高架", "Y": "965", "X": "870", "LNG": "121.699376", "LAT": "31.050068", "ST_NAME": "上海野生动物园"}, "洲海路": {"LINE_NO": "6", "TRANSFER_TAG": "普通站", "SERIAL_NO": "24", "ST_NAME_EN": "ZhouhaiRoad", "ST_NO": "0644", "ST_HORIZONTAL": "高架", "Y": "387", "X": "892", "LNG": "121.589426", "LAT": "31.312185", "ST_NAME": "洲海路"}, "宜山路": {"LINE_NO": "3", "TRANSFER_TAG": "换乘站", "SERIAL_NO": "25", "ST_NAME_EN": "YishanRoad", "ST_NO": "0315", "ST_HORIZONTAL": "高架", "Y": "632", "X": "349", "LNG": "121.427206", "LAT": "31.186671", "ST_NAME": "宜山路"}, "东明路": {"LINE_NO": "6", "TRANSFER_TAG": "普通站", "SERIAL_NO": "6", "ST_NAME_EN": "DongmingRoad", "ST_NO": "0626", "ST_HORIZONTAL": "地下", "Y": "771", "X": "622", "LNG": "121.510934", "LAT": "31.172609", "ST_NAME": "东明路"}, "岚皋路": {"LINE_NO": "7", "TRANSFER_TAG": "普通站", "SERIAL_NO": "15", "ST_NAME_EN": "LangaoRoad", "ST_NO": "0735", "ST_HORIZONTAL": "地下", "Y": "414", "X": "429", "LNG": "121.421885", "LAT": "31.256108", "ST_NAME": "岚皋路"}, "爱国路": {"LINE_NO": "12", "TRANSFER_TAG": "普通站", "SERIAL_NO": "9", "ST_NAME_EN": "AiguoRoad", "ST_NO": "1244", "ST_HORIZONTAL": "地下", "Y": "501", "X": "794", "LNG": "121.552669", "LAT": "31.279763", "ST_NAME": "爱国路"}, "南京西路": {"LINE_NO": "2", "TRANSFER_TAG": "普通站", "SERIAL_NO": "11", "ST_NAME_EN": "WestNanjingRoad", "ST_NO": "0244", "ST_HORIZONTAL": "地下", "Y": "537", "X": "482", "LNG": "121.45994", "LAT": "31.229878", "ST_NAME": "南京西路"}, "西藏北路": {"LINE_NO": "8", "TRANSFER_TAG": "普通站", "SERIAL_NO": "19", "ST_NAME_EN": "NorthXizangRoad", "ST_NO": "0838", "ST_HORIZONTAL": "地下", "Y": "397", "X": "594", "LNG": "121.468706", "LAT": "31.263481", "ST_NAME": "西藏北路"}, "提篮桥": {"LINE_NO": "12", "TRANSFER_TAG": "普通站", "SERIAL_NO": "4", "ST_NAME_EN": "TilanQiao", "ST_NO": "1239", "ST_HORIZONTAL": "地下", "Y": "506", "X": "669", "LNG": "121.506814", "LAT": "31.253425", "ST_NAME": "提篮桥"}, "东靖路": {"LINE_NO": "6", "TRANSFER_TAG": "普通站", "SERIAL_NO": "22", "ST_NAME_EN": "DongjingRoad", "ST_NO": "0642", "ST_HORIZONTAL": "高架", "Y": "453", "X": "893", "LNG": "121.588697", "LAT": "31.290733", "ST_NAME": "东靖路"}, "外环路": {"LINE_NO": "1", "TRANSFER_TAG": "普通站", "SERIAL_NO": "27", "ST_NAME_EN": "Waihuanlu", "ST_NO": "0112", "ST_HORIZONTAL": "地面", "Y": "738", "X": "224", "LNG": "121.393165", "LAT": "31.120452", "ST_NAME": "外环路"}, "彭浦新村": {"LINE_NO": "1", "TRANSFER_TAG": "普通站", "SERIAL_NO": "8", "ST_NAME_EN": "PengpuXincun", "ST_NO": "0131", "ST_HORIZONTAL": "高架", "Y": "316", "X": "509", "LNG": "121.448568", "LAT": "31.306536", "ST_NAME": "彭浦新村"}, "华宁路": {"LINE_NO": "5", "TRANSFER_TAG": "普通站", "SERIAL_NO": "9", "ST_NAME_EN": "HuaningRoad", "ST_NO": "0511", "ST_HORIZONTAL": "高架", "Y": "964", "X": "157", "LNG": "121.395234", "LAT": "31.007414", "ST_NAME": "华宁路"}, "豫园": {"LINE_NO": "10", "TRANSFER_TAG": "普通站", "SERIAL_NO": "18", "ST_NAME_EN": "YuyuanGarden", "ST_NO": "1055", "ST_HORIZONTAL": "地下", "Y": "603", "X": "617", "LNG": "121.487545", "LAT": "31.227456", "ST_NAME": "豫园"}, "延吉中路": {"LINE_NO": "8", "TRANSFER_TAG": "普通站", "SERIAL_NO": "26", "ST_NAME_EN": "MiddleYanjiRoad", "ST_NO": "0845", "ST_HORIZONTAL": "地下", "Y": "313", "X": "827", "LNG": "121.535053", "LAT": "31.288533", "ST_NAME": "延吉中路"}, "罗山路": {"LINE_NO": "11", "TRANSFER_TAG": "换乘站", "SERIAL_NO": "33", "ST_NAME_EN": "LuoshanRoad", "ST_NO": "1160", "ST_HORIZONTAL": "高架", "Y": "876", "X": "809", "LNG": "121.593117", "LAT": "31.153325", "ST_NAME": "罗山路"}, "金京路": {"LINE_NO": "12", "TRANSFER_TAG": "普通站", "SERIAL_NO": "14", "ST_NAME_EN": "JinjingRoad", "ST_NO": "1249", "ST_HORIZONTAL": "地下", "Y": "501", "X": "961", "LNG": "121.61554", "LAT": "31.279744", "ST_NAME": "金京路"}, "南翔": {"LINE_NO": "11", "TRANSFER_TAG": "普通站", "SERIAL_NO": "10", "ST_NAME_EN": "Nanxiang", "ST_NO": "1137", "ST_HORIZONTAL": "高架", "Y": "249", "X": "225", "LNG": "121.323223", "LAT": "31.297036", "ST_NAME": "南翔"}, "颛桥": {"LINE_NO": "5", "TRANSFER_TAG": "普通站", "SERIAL_NO": "4", "ST_NAME_EN": "Zhuanqiao", "ST_NO": "0505", "ST_HORIZONTAL": "高架", "Y": "910", "X": "220", "LNG": "121.401843", "LAT": "31.066983", "ST_NAME": "颛桥"}, "上南路": {"LINE_NO": "6", "TRANSFER_TAG": "普通站", "SERIAL_NO": "3", "ST_NAME_EN": "ShangnanRoad", "ST_NO": "0623", "ST_HORIZONTAL": "地下", "Y": "840", "X": "531", "LNG": "121.506256", "LAT": "31.149033", "ST_NAME": "上南路"}, "长江南路": {"LINE_NO": "3", "TRANSFER_TAG": "普通站", "SERIAL_NO": "9", "ST_NAME_EN": "SouthChangjiangRoad", "ST_NO": "0331", "ST_HORIZONTAL": "高架", "Y": "231", "X": "579", "LNG": "121.491451", "LAT": "31.331931", "ST_NAME": "长江南路"}, "虹桥2号航站楼": {"LINE_NO": "2", "TRANSFER_TAG": "换乘站", "SERIAL_NO": "3", "ST_NAME_EN": "HongqiaoAirportTerminal2", "ST_NO": "0236", "ST_HORIZONTAL": "地下", "Y": "440", "X": "191", "LNG": "121.326259", "LAT": "31.194257", "ST_NAME": "虹桥2号航站楼"}, "银都路": {"LINE_NO": "5", "TRANSFER_TAG": "普通站", "SERIAL_NO": "3", "ST_NAME_EN": "YinduRoad", "ST_NO": "0503", "ST_HORIZONTAL": "高架", "Y": "885", "X": "219", "LNG": "121.390342", "LAT": "31.089367", "ST_NAME": "银都路"}, "嘉定西": {"LINE_NO": "11", "TRANSFER_TAG": "普通站", "SERIAL_NO": "6", "ST_NAME_EN": "WestJiading", "ST_NO": "1132", "ST_HORIZONTAL": "高架", "Y": "146", "X": "210", "LNG": "121.227865", "LAT": "31.377127", "ST_NAME": "嘉定西"}, "鞍山新村": {"LINE_NO": "8", "TRANSFER_TAG": "普通站", "SERIAL_NO": "23", "ST_NAME_EN": "AnshanXincun", "ST_NO": "0842", "ST_HORIZONTAL": "地下", "Y": "398", "X": "749", "LNG": "121.509647", "LAT": "31.273129", "ST_NAME": "鞍山新村"}, "曲阳路": {"LINE_NO": "8", "TRANSFER_TAG": "普通站", "SERIAL_NO": "21", "ST_NAME_EN": "QuyangRoad", "ST_NO": "0840", "ST_HORIZONTAL": "地下", "Y": "344", "X": "663", "LNG": "121.491107", "LAT": "31.276503", "ST_NAME": "曲阳路"}, "虹桥路": {"LINE_NO": "3", "TRANSFER_TAG": "换乘站", "SERIAL_NO": "24", "ST_NAME_EN": "HongqiaoRoad", "ST_NO": "0316", "ST_HORIZONTAL": "高架", "Y": "599", "X": "322", "LNG": "121.420812", "LAT": "31.197538", "ST_NAME": "虹桥路"}, "上大路": {"LINE_NO": "7", "TRANSFER_TAG": "普通站", "SERIAL_NO": "9", "ST_NAME_EN": "ShangdaRoad", "ST_NO": "0729", "ST_HORIZONTAL": "地下", "Y": "270", "X": "443", "LNG": "121.408667", "LAT": "31.314934", "ST_NAME": "上大路"}, "沈杜公路": {"LINE_NO": "8", "TRANSFER_TAG": "普通站", "SERIAL_NO": "1", "ST_NAME_EN": "Shenduhighway", "ST_NO": "0820", "ST_HORIZONTAL": "高架", "Y": "990", "X": "371", "LNG": "121.512265", "LAT": "31.061391", "ST_NAME": "沈杜公路"}, "芦恒路": {"LINE_NO": "8", "TRANSFER_TAG": "普通站", "SERIAL_NO": "5", "ST_NAME_EN": "LuhengRoad", "ST_NO": "0824", "ST_HORIZONTAL": "地下", "Y": "883", "X": "382", "LNG": "121.497781", "LAT": "31.118869", "ST_NAME": "芦恒路"}, "龙耀路": {"LINE_NO": "11", "TRANSFER_TAG": "普通站", "SERIAL_NO": "26", "ST_NAME_EN": "LongyaoRoad", "ST_NO": "1153", "ST_HORIZONTAL": "地下", "Y": "794", "X": "395", "LNG": "121.459693", "LAT": "31.159715", "ST_NAME": "龙耀路"}, "上海游泳馆": {"LINE_NO": "11", "TRANSFER_TAG": "普通站", "SERIAL_NO": "23", "ST_NAME_EN": "ShanghaiSwimmingCenter", "ST_NO": "1150", "ST_HORIZONTAL": "地下", "Y": "684", "X": "395", "LNG": "121.441368", "LAT": "31.179177", "ST_NAME": "上海游泳馆"}, "醉白池": {"LINE_NO": "9", "TRANSFER_TAG": "普通站", "SERIAL_NO": "2", "ST_NAME_EN": "ZuibaichiPark", "ST_NO": "0919", "ST_HORIZONTAL": "地下", "Y": "851", "X": "92", "LNG": "121.229302", "LAT": "31.001083", "ST_NAME": "醉白池"}, "联航路": {"LINE_NO": "8", "TRANSFER_TAG": "普通站", "SERIAL_NO": "2", "ST_NAME_EN": "LianhangRoad", "ST_NO": "0821", "ST_HORIZONTAL": "高架", "Y": "963", "X": "380", "LNG": "121.510591", "LAT": "31.073577", "ST_NAME": "联航路"}, "上海汽车城": {"LINE_NO": "11", "TRANSFER_TAG": "普通站", "SERIAL_NO": "2", "ST_NAME_EN": "ShanghaiAutomobileCity", "ST_NO": "1118", "ST_HORIZONTAL": "高架", "Y": "259", "X": "144", "LNG": "121.180786", "LAT": "31.285338", "ST_NAME": "上海汽车城"}, "上海动物园": {"LINE_NO": "10", "TRANSFER_TAG": "普通站", "SERIAL_NO": "7", "ST_NAME_EN": "ShanghaiZoo", "ST_NO": "1044", "ST_HORIZONTAL": "地下", "Y": "561", "X": "234", "LNG": "121.368412", "LAT": "31.19009", "ST_NAME": "上海动物园"}, "三林": {"LINE_NO": "11", "TRANSFER_TAG": "普通站", "SERIAL_NO": "28", "ST_NAME_EN": "Sanlin", "ST_NO": "1155", "ST_HORIZONTAL": "地下", "Y": "879", "X": "455", "LNG": "121.511664", "LAT": "31.143151", "ST_NAME": "三林"}, "新村路": {"LINE_NO": "7", "TRANSFER_TAG": "普通站", "SERIAL_NO": "14", "ST_NAME_EN": "XincunRoad", "ST_NO": "0734", "ST_HORIZONTAL": "地下", "Y": "396", "X": "444", "LNG": "121.422657", "LAT": "31.263958", "ST_NAME": "新村路"}, "水产路": {"LINE_NO": "3", "TRANSFER_TAG": "普通站", "SERIAL_NO": "5", "ST_NAME_EN": "ShuichanRoad", "ST_NO": "0335", "ST_HORIZONTAL": "高架", "Y": "133", "X": "633", "LNG": "121.488189", "LAT": "31.381185", "ST_NAME": "水产路"}, "中山公园": {"LINE_NO": "2", "TRANSFER_TAG": "换乘站", "SERIAL_NO": "8", "ST_NAME_EN": "ZhongshanPark", "ST_NO": "0241", "ST_HORIZONTAL": "地下", "Y": "527", "X": "349", "LNG": "121.415694", "LAT": "31.218061", "ST_NAME": "中山公园"}, "陆家嘴": {"LINE_NO": "2", "TRANSFER_TAG": "普通站", "SERIAL_NO": "14", "ST_NAME_EN": "Lujiazui", "ST_NO": "0247", "ST_HORIZONTAL": "地下", "Y": "541", "X": "662", "LNG": "121.502255", "LAT": "31.238244", "ST_NAME": "陆家嘴"}, "云台路": {"LINE_NO": "7", "TRANSFER_TAG": "普通站", "SERIAL_NO": "27", "ST_NAME_EN": "YuntaiRoad", "ST_NO": "0747", "ST_HORIZONTAL": "地下", "Y": "741", "X": "577", "LNG": "121.50042", "LAT": "31.182192", "ST_NAME": "云台路"}, "商城路": {"LINE_NO": "9", "TRANSFER_TAG": "普通站", "SERIAL_NO": "24", "ST_NAME_EN": "ShangchengRoad", "ST_NO": "0941", "ST_HORIZONTAL": "地下", "Y": "608", "X": "651", "LNG": "121.51632", "LAT": "31.230199", "ST_NAME": "商城路"}, "威宁路": {"LINE_NO": "2", "TRANSFER_TAG": "普通站", "SERIAL_NO": "6", "ST_NAME_EN": "WeiningRoad", "ST_NO": "0239", "ST_HORIZONTAL": "地下", "Y": "477", "X": "273", "LNG": "121.387241", "LAT": "31.214868", "ST_NAME": "威宁路"}, "华夏东路": {"LINE_NO": "2", "TRANSFER_TAG": "普通站", "SERIAL_NO": "25", "ST_NAME_EN": "EastHuaxiaRoad", "ST_NO": "0258", "ST_HORIZONTAL": "地下", "Y": "782", "X": "886", "LNG": "121.681083", "LAT": "31.196551", "ST_NAME": "华夏东路"}, "行知路": {"LINE_NO": "7", "TRANSFER_TAG": "普通站", "SERIAL_NO": "12", "ST_NAME_EN": "XingzhiRoad", "ST_NO": "0732", "ST_HORIZONTAL": "地下", "Y": "347", "X": "445", "LNG": "121.42137", "LAT": "31.284865", "ST_NAME": "行知路"}, "赤峰路": {"LINE_NO": "3", "TRANSFER_TAG": "普通站", "SERIAL_NO": "13", "ST_NAME_EN": "ChifengRoad", "ST_NO": "0327", "ST_HORIZONTAL": "高架", "Y": "354", "X": "587", "LNG": "121.482428", "LAT": "31.281248", "ST_NAME": "赤峰路"}, "五角场": {"LINE_NO": "10", "TRANSFER_TAG": "普通站", "SERIAL_NO": "27", "ST_NAME_EN": "Wujiaochang", "ST_NO": "1064", "ST_HORIZONTAL": "地下", "Y": "292", "X": "737", "LNG": "121.514582", "LAT": "31.298035", "ST_NAME": "五角场"}, "海伦路": {"LINE_NO": "4", "TRANSFER_TAG": "换乘站", "SERIAL_NO": "12", "ST_NAME_EN": "HailunRoad", "ST_NO": "0412", "ST_HORIZONTAL": "地下", "Y": "450", "X": "634", "LNG": "121.489734", "LAT": "31.259006", "ST_NAME": "海伦路"}, "三门路": {"LINE_NO": "10", "TRANSFER_TAG": "普通站", "SERIAL_NO": "29", "ST_NAME_EN": "SanmenRoad", "ST_NO": "1066", "ST_HORIZONTAL": "地下", "Y": "239", "X": "737", "LNG": "121.508349", "LAT": "31.313225", "ST_NAME": "三门路"}, "南陈路": {"LINE_NO": "7", "TRANSFER_TAG": "普通站", "SERIAL_NO": "8", "ST_NAME_EN": "NanchenRoad", "ST_NO": "0728", "ST_HORIZONTAL": "地下", "Y": "250", "X": "442", "LNG": "121.398968", "LAT": "31.321387", "ST_NAME": "南陈路"}, "春申路": {"LINE_NO": "5", "TRANSFER_TAG": "普通站", "SERIAL_NO": "2", "ST_NAME_EN": "ChunshenRoad", "ST_NO": "0502", "ST_HORIZONTAL": "高架", "Y": "861", "X": "218", "LNG": "121.385922", "LAT": "31.098114", "ST_NAME": "春申路"}, "安亭": {"LINE_NO": "11", "TRANSFER_TAG": "普通站", "SERIAL_NO": "1", "ST_NAME_EN": "Anting", "ST_NO": "1117", "ST_HORIZONTAL": "高架", "Y": "260", "X": "120", "LNG": "121.16199", "LAT": "31.288492", "ST_NAME": "安亭"}, "惠南东": {"LINE_NO": "16", "TRANSFER_TAG": "普通站", "SERIAL_NO": "10", "ST_NAME_EN": "EastHuinan", "ST_NO": "1630", "ST_HORIZONTAL": "高架", "Y": "976", "X": "957", "LNG": "121.793875", "LAT": "31.026314", "ST_NAME": "惠南东"}, "兆丰路": {"LINE_NO": "11", "TRANSFER_TAG": "普通站", "SERIAL_NO": "16", "ST_NAME_EN": "ZhaofengRoad", "ST_NO": "1116", "ST_HORIZONTAL": "高架", "Y": "260", "X": "90", "LNG": "121.15036", "LAT": "31.289005", "ST_NAME": "兆丰路"}, "静安寺": {"LINE_NO": "2", "TRANSFER_TAG": "换乘站", "SERIAL_NO": "10", "ST_NAME_EN": "JingAnTemple", "ST_NO": "0243", "ST_HORIZONTAL": "地下", "Y": "555", "X": "405", "LNG": "121.447945", "LAT": "31.224135", "ST_NAME": "静安寺"}, "市光路": {"LINE_NO": "8", "TRANSFER_TAG": "普通站", "SERIAL_NO": "30", "ST_NAME_EN": "ShiguangRoad", "ST_NO": "0849", "ST_HORIZONTAL": "地下", "Y": "204", "X": "825", "LNG": "121.531877", "LAT": "31.322633", "ST_NAME": "市光路"}, "大华三路": {"LINE_NO": "7", "TRANSFER_TAG": "普通站", "SERIAL_NO": "13", "ST_NAME_EN": "DahuasanRoad", "ST_NO": "0733", "ST_HORIZONTAL": "地下", "Y": "372", "X": "433", "LNG": "121.423087", "LAT": "31.274009", "ST_NAME": "大华三路"}, "龙阳路": {"LINE_NO": "2", "TRANSFER_TAG": "换乘站", "SERIAL_NO": "19", "ST_NAME_EN": "LongyangRoad", "ST_NO": "0252", "ST_HORIZONTAL": "地下", "Y": "744", "X": "764", "LNG": "121.557369", "LAT": "31.202994", "ST_NAME": "龙阳路"}, "祁连山南路": {"LINE_NO": "13", "TRANSFER_TAG": "普通站", "SERIAL_NO": "4", "ST_NAME_EN": "SouthQilianshanRoad", "ST_NO": "1324", "ST_HORIZONTAL": "地下", "Y": "350", "X": "297", "LNG": "121.367168", "LAT": "31.237501", "ST_NAME": "祁连山南路"}, "严御路": {"LINE_NO": "11", "TRANSFER_TAG": "普通站", "SERIAL_NO": "58", "ST_NAME_EN": "YanyuRoad", "ST_NO": "1158", "ST_HORIZONTAL": "地下", "Y": "881", "X": "663", "LNG": "121.55621", "LAT": "31.154647", "ST_NAME": "严御路"}, "龙华": {"LINE_NO": "11", "TRANSFER_TAG": "普通站", "SERIAL_NO": "24", "ST_NAME_EN": "Longhua", "ST_NO": "1151", "ST_HORIZONTAL": "地下", "Y": "727", "X": "398", "LNG": "121.452956", "LAT": "31.172604", "ST_NAME": "龙华"}, "宋园路": {"LINE_NO": "10", "TRANSFER_TAG": "普通站", "SERIAL_NO": "11", "ST_NAME_EN": "SongyuanRoad", "ST_NO": "1048", "ST_HORIZONTAL": "地下", "Y": "599", "X": "301", "LNG": "121.412272", "LAT": "31.196111", "ST_NAME": "宋园路"}, "外高桥保税区南": {"LINE_NO": "6", "TRANSFER_TAG": "普通站", "SERIAL_NO": "25", "ST_NAME_EN": "SouthWaigaoqiaoFreeTradeZone", "ST_NO": "0645", "ST_HORIZONTAL": "高架", "Y": "353", "X": "911", "LNG": "121.601958", "LAT": "31.321607", "ST_NAME": "外高桥保税区南"}, "南浦大桥": {"LINE_NO": "4", "TRANSFER_TAG": "普通站", "SERIAL_NO": "21", "ST_NAME_EN": "NanpuBridge", "ST_NO": "0421", "ST_HORIZONTAL": "地下", "Y": "655", "X": "584", "LNG": "121.499733", "LAT": "31.20844", "ST_NAME": "南浦大桥"}, "翔殷路": {"LINE_NO": "8", "TRANSFER_TAG": "普通站", "SERIAL_NO": "28", "ST_NAME_EN": "XiangyinRoad", "ST_NO": "0847", "ST_HORIZONTAL": "地下", "Y": "257", "X": "828", "LNG": "121.532091", "LAT": "31.304888", "ST_NAME": "翔殷路"}, "书院": {"LINE_NO": "16", "TRANSFER_TAG": "普通站", "SERIAL_NO": "11", "ST_NAME_EN": "Shuyuan", "ST_NO": "1631", "ST_HORIZONTAL": "高架", "Y": "999", "X": "976", "LNG": "121.85048", "LAT": "30.959065", "ST_NAME": "书院"}, "云锦路": {"LINE_NO": "11", "TRANSFER_TAG": "普通站", "SERIAL_NO": "25", "ST_NAME_EN": "YunjinRoad", "ST_NO": "1152", "ST_HORIZONTAL": "地下", "Y": "762", "X": "399", "LNG": "121.458492", "LAT": "31.166435", "ST_NAME": "云锦路"}, "富锦路": {"LINE_NO": "1", "TRANSFER_TAG": "普通站", "SERIAL_NO": "1", "ST_NAME_EN": "FujinRoad", "ST_NO": "0138", "ST_HORIZONTAL": "高架", "Y": "102", "X": "518", "LNG": "121.424622", "LAT": "31.392297", "ST_NAME": "富锦路"}, "杨高南路": {"LINE_NO": "7", "TRANSFER_TAG": "普通站", "SERIAL_NO": "29", "ST_NAME_EN": "SouthYanggaoRoad", "ST_NO": "0749", "ST_HORIZONTAL": "地下", "Y": "747", "X": "650", "LNG": "121.525139", "LAT": "31.187552", "ST_NAME": "杨高南路"}, "七宝": {"LINE_NO": "9", "TRANSFER_TAG": "普通站", "SERIAL_NO": "11", "ST_NAME_EN": "Qibao", "ST_NO": "0928", "ST_HORIZONTAL": "地下", "Y": "672", "X": "182", "LNG": "121.349294", "LAT": "31.155161", "ST_NAME": "七宝"}, "凌兆新村": {"LINE_NO": "8", "TRANSFER_TAG": "普通站", "SERIAL_NO": "6", "ST_NAME_EN": "LingzhaoXincun", "ST_NO": "0825", "ST_HORIZONTAL": "地下", "Y": "858", "X": "374", "LNG": "121.489713", "LAT": "31.141278", "ST_NAME": "凌兆新村"}, "新天地": {"LINE_NO": "10", "TRANSFER_TAG": "普通站", "SERIAL_NO": "16", "ST_NAME_EN": "Xintiandi", "ST_NO": "1053", "ST_HORIZONTAL": "地下", "Y": "601", "X": "510", "LNG": "121.475357", "LAT": "31.216226", "ST_NAME": "新天地"}, "莲花路": {"LINE_NO": "1", "TRANSFER_TAG": "普通站", "SERIAL_NO": "26", "ST_NAME_EN": "LianhuaRoad", "ST_NO": "0113", "ST_HORIZONTAL": "地面", "Y": "721", "X": "243", "LNG": "121.403121", "LAT": "31.130738", "ST_NAME": "莲花路"}, "松江南站": {"LINE_NO": "9", "TRANSFER_TAG": "普通站", "SERIAL_NO": "1", "ST_NAME_EN": "SongjiangSouthRailwayStation", "ST_NO": "0918", "ST_HORIZONTAL": "地下", "Y": "883", "X": "94", "LNG": "121.23089", "LAT": "30.984749", "ST_NAME": "松江南站"}, "华夏西路": {"LINE_NO": "6", "TRANSFER_TAG": "普通站", "SERIAL_NO": "4", "ST_NAME_EN": "WestHuaxiaRoad", "ST_NO": "0624", "ST_HORIZONTAL": "地下", "Y": "837", "X": "619", "LNG": "121.514453", "LAT": "31.149841", "ST_NAME": "华夏西路"}, "祁华路": {"LINE_NO": "7", "TRANSFER_TAG": "普通站", "SERIAL_NO": "6", "ST_NAME_EN": "QihuaRoad", "ST_NO": "0726", "ST_HORIZONTAL": "地下", "Y": "195", "X": "391", "LNG": "121.373391", "LAT": "31.32234", "ST_NAME": "祁华路"}, "呼兰路": {"LINE_NO": "1", "TRANSFER_TAG": "普通站", "SERIAL_NO": "5", "ST_NAME_EN": "HulanRoad", "ST_NO": "0134", "ST_HORIZONTAL": "高架", "Y": "226", "X": "517", "LNG": "121.437668", "LAT": "31.339677", "ST_NAME": "呼兰路"}, "复兴岛": {"LINE_NO": "12", "TRANSFER_TAG": "普通站", "SERIAL_NO": "10", "ST_NAME_EN": "FuxingIsland", "ST_NO": "1245", "ST_HORIZONTAL": "地下", "Y": "501", "X": "827", "LNG": "121.561231", "LAT": "31.280478", "ST_NAME": "复兴岛"}, "高青路": {"LINE_NO": "6", "TRANSFER_TAG": "普通站", "SERIAL_NO": "5", "ST_NAME_EN": "GaoqingRoad", "ST_NO": "0625", "ST_HORIZONTAL": "地下", "Y": "801", "X": "616", "LNG": "121.515869", "LAT": "31.159867", "ST_NAME": "高青路"}, "东昌路": {"LINE_NO": "2", "TRANSFER_TAG": "普通站", "SERIAL_NO": "15", "ST_NAME_EN": "DongchangRoad", "ST_NO": "0248", "ST_HORIZONTAL": "地下", "Y": "576", "X": "634", "LNG": "121.515548", "LAT": "31.233281", "ST_NAME": "东昌路"}, "曹杨路": {"LINE_NO": "11", "TRANSFER_TAG": "换乘站", "SERIAL_NO": "18", "ST_NAME_EN": "CaoyangRoad", "ST_NO": "1145", "ST_HORIZONTAL": "地下", "Y": "450", "X": "397", "LNG": "121.41755", "LAT": "31.237831", "ST_NAME": "曹杨路"}, "大世界": {"LINE_NO": "8", "TRANSFER_TAG": "普通站", "SERIAL_NO": "15", "ST_NAME_EN": "Dashijie", "ST_NO": "0834", "ST_HORIZONTAL": "地下", "Y": "565", "X": "554", "LNG": "121.479327", "LAT": "31.226969", "ST_NAME": "大世界"}, "友谊西路": {"LINE_NO": "1", "TRANSFER_TAG": "普通站", "SERIAL_NO": "2", "ST_NAME_EN": "WestYouyiRoad", "ST_NO": "0137", "ST_HORIZONTAL": "高架", "Y": "137", "X": "507", "LNG": "121.427883", "LAT": "31.381307", "ST_NAME": "友谊西路"}, "星中路": {"LINE_NO": "9", "TRANSFER_TAG": "普通站", "SERIAL_NO": "12", "ST_NAME_EN": "XingzhongRoad", "ST_NO": "0929", "ST_HORIZONTAL": "地下", "Y": "673", "X": "212", "LNG": "121.36912", "LAT": "31.158026", "ST_NAME": "星中路"}, "殷高东路": {"LINE_NO": "10", "TRANSFER_TAG": "普通站", "SERIAL_NO": "30", "ST_NAME_EN": "EastYingaoRoad", "ST_NO": "1067", "ST_HORIZONTAL": "地下", "Y": "210", "X": "737", "LNG": "121.506814", "LAT": "31.321786", "ST_NAME": "殷高东路"}, "临沂新村": {"LINE_NO": "6", "TRANSFER_TAG": "普通站", "SERIAL_NO": "8", "ST_NAME_EN": "LinyiXincun", "ST_NO": "0628", "ST_HORIZONTAL": "地下", "Y": "687", "X": "573", "LNG": "121.516728", "LAT": "31.193243", "ST_NAME": "临沂新村"}, "滴水湖": {"LINE_NO": "16", "TRANSFER_TAG": "普通站", "SERIAL_NO": "13", "ST_NAME_EN": "Dishuilake", "ST_NO": "1633", "ST_HORIZONTAL": "地下", "Y": "1048", "X": "1020", "LNG": "121.929616", "LAT": "30.907124", "ST_NAME": "滴水湖"}, "陕西南路": {"LINE_NO": "1", "TRANSFER_TAG": "换乘站", "SERIAL_NO": "18", "ST_NAME_EN": "SouthShanxiRoad", "ST_NO": "0121", "ST_HORIZONTAL": "地下", "Y": "559", "X": "458", "LNG": "121.459984", "LAT": "31.217247", "ST_NAME": "陕西南路"}, "伊犁路": {"LINE_NO": "10", "TRANSFER_TAG": "普通站", "SERIAL_NO": "10", "ST_NAME_EN": "YiliRoad", "ST_NO": "1047", "ST_HORIZONTAL": "地下", "Y": "599", "X": "276", "LNG": "121.403946", "LAT": "31.198754", "ST_NAME": "伊犁路"}, "浦东国际机场": {"LINE_NO": "2", "TRANSFER_TAG": "普通站", "SERIAL_NO": "30", "ST_NAME_EN": "PudongInternationalAirport", "ST_NO": "0263", "ST_HORIZONTAL": "地面", "Y": "877", "X": "918", "LNG": "121.806245", "LAT": "31.150561", "ST_NAME": "浦东国际机场"}, "新江湾城": {"LINE_NO": "10", "TRANSFER_TAG": "普通站", "SERIAL_NO": "31", "ST_NAME_EN": "Xinjiangwancheng", "ST_NO": "1068", "ST_HORIZONTAL": "地下", "Y": "184", "X": "738", "LNG": "121.506814", "LAT": "31.328531", "ST_NAME": "新江湾城"}, "惠南": {"LINE_NO": "16", "TRANSFER_TAG": "普通站", "SERIAL_NO": "9", "ST_NAME_EN": "Huinan", "ST_NO": "1629", "ST_HORIZONTAL": "地下", "Y": "923", "X": "915", "LNG": "121.761689", "LAT": "31.053744", "ST_NAME": "惠南"}, "金沙江西路": {"LINE_NO": "13", "TRANSFER_TAG": "普通站", "SERIAL_NO": "2", "ST_NAME_EN": "WestJinshajiangRoad", "ST_NO": "1322", "ST_HORIZONTAL": "地下", "Y": "350", "X": "249", "LNG": "121.335282", "LAT": "31.24095", "ST_NAME": "金沙江西路"}, "上海赛车场": {"LINE_NO": "11", "TRANSFER_TAG": "普通站", "SERIAL_NO": "4", "ST_NAME_EN": "ShanghaiCircuit", "ST_NO": "1120", "ST_HORIZONTAL": "地下", "Y": "158", "X": "170", "LNG": "121.226105", "LAT": "31.331867", "ST_NAME": "上海赛车场"}, "申江路": {"LINE_NO": "12", "TRANSFER_TAG": "普通站", "SERIAL_NO": "15", "ST_NAME_EN": "ShenjiangRoad", "ST_NO": "1250", "ST_HORIZONTAL": "地下", "Y": "501", "X": "991", "LNG": "121.626849", "LAT": "31.280203", "ST_NAME": "申江路"}, "张江高科": {"LINE_NO": "2", "TRANSFER_TAG": "普通站", "SERIAL_NO": "20", "ST_NAME_EN": "ZhangjiangHighTechnologyPark", "ST_NO": "0253", "ST_HORIZONTAL": "地下", "Y": "780", "X": "752", "LNG": "121.587678", "LAT": "31.201837", "ST_NAME": "张江高科"}, "国际客运中心": {"LINE_NO": "12", "TRANSFER_TAG": "普通站", "SERIAL_NO": "3", "ST_NAME_EN": "InternationalCruiseTerminal", "ST_NO": "1238", "ST_HORIZONTAL": "地下", "Y": "500", "X": "649", "LNG": "121.498188", "LAT": "31.250086", "ST_NAME": "国际客运中心"}, "宝杨路": {"LINE_NO": "3", "TRANSFER_TAG": "普通站", "SERIAL_NO": "4", "ST_NAME_EN": "BaoyangRoad", "ST_NO": "0336", "ST_HORIZONTAL": "高架", "Y": "105", "X": "633", "LNG": "121.479649", "LAT": "31.395253", "ST_NAME": "宝杨路"}}